Player,Nation,Pos,Squad,Comp,Age,MP,G/90,Pass,PassCompleted,PassComp%,Assist,Cross,CrossCompleted,CrossComp%,Tackle_Won,AerWon,Cluster
Brenden Aaronson,USA,MFFW,Leeds United,Premier League,22,20,1,550,411,74.73,2,45,2,4.44,9,6,0
Himad Abdelli,FRA,MFFW,Angers,Ligue 1,23,14,0,424,342,80.66,0,9,3,33.33,12,8,0
Salis Abdul Samed,GHA,MF,Lens,Ligue 1,22,20,1,1297,1189,91.67,0,7,2,28.57,16,10,0
Matthis Abline,FRA,FWMF,Auxerre,Ligue 1,19,5,1,21,15,71.43,0,2,1,50.0,1,3,1
Matthis Abline,FRA,FWMF,Rennes,Ligue 1,19,11,1,15,7,46.67,0,2,0,0.0,1,1,1
Abner,BRA,DF,Betis,La Liga,22,4,0,164,118,71.95,0,4,0,0.0,7,3,1
Zakaria Aboukhlal,MAR,FWMF,Toulouse,Ligue 1,22,22,5,424,295,69.58,4,16,1,6.25,12,7,1
Mohamed Achi,FRA,FW,Nantes,Ligue 1,21,2,0,21,18,85.71,0,1,0,0.0,1,0,1
Tyler Adams,USA,MF,Leeds United,Premier League,23,19,0,1088,893,82.08,0,2,0,0.0,38,17,0
Martin Adeline,FRA,MFFW,Reims,Ligue 1,19,5,0,41,29,70.73,0,0,0,,3,6,1
Karim Adeyemi,GER,FWMF,Dortmund,Bundesliga,21,15,2,280,206,73.57,1,15,0,0.0,6,7,1
Amine Adli,FRA,FW,Leverkusen,Bundesliga,22,13,1,240,191,79.58,2,6,0,0.0,8,11,1
Yacine Adli,FRA,MFFW,Milan,Serie A,22,4,0,60,38,63.33,0,4,0,0.0,3,0,1
Felix Afena-Gyan,GHA,FWMF,Cremonese,Serie A,20,12,0,90,71,78.89,0,3,0,0.0,2,8,1
Lucien Agoume,FRA,MF,Troyes,Ligue 1,21,5,0,182,151,82.97,0,3,1,33.33,7,10,1
Felix Agu,GER,DFFW,Werder Bremen,Bundesliga,23,3,0,27,17,62.96,0,1,0,0.0,0,1,1
Naouirou Ahamada,FRA,MFFW,Crystal Palace,Premier League,20,2,0,12,9,75.0,0,1,0,0.0,0,0,1
Naouirou Ahamada,FRA,MF,Stuttgart,Bundesliga,20,17,2,530,450,84.91,2,6,2,33.33,11,7,0
Amar Ahmed,SWE,FW,Troyes,Ligue 1,18,1,0,11,7,63.64,0,0,0,,1,0,1
Rayan Aït Nouri,FRA,DF,Wolves,Premier League,21,17,1,491,399,81.26,0,21,5,23.81,16,13,0
Emanuel Aiwum,AUT,DF,Cremonese,Serie A,22,15,0,541,416,76.89,0,4,1,25.0,26,19,0
Maghnes Akliouche,FRA,MFDF,Monaco,Ligue 1,20,6,0,104,78,75.0,0,9,0,0.0,3,2,1
Carlos Alcaraz,ARG,MF,Southampton,Premier League,20,3,1,49,37,75.51,0,0,0,,2,0,1
Doðan Alemdar,TUR,GK,Rennes,Ligue 1,20,3,0,72,49,68.06,0,0,0,,0,2,1
Alejandro Alfaro,ESP,MF,Elche,La Liga,20,1,0,1,1,100.0,0,0,0,,0,0,1
Ángel Algobia,ESP,MF,Getafe,La Liga,23,14,0,369,304,82.38,0,7,3,42.86,7,6,1
Mohamed Ali Cho,FRA,FW,Real Sociedad,La Liga,19,8,0,74,46,62.16,2,15,3,20.0,3,1,1
Faride Alidou,GER,DFMF,Eint Frankfurt,Bundesliga,21,9,0,56,42,75.0,0,2,1,50.0,4,1,1
Domingos André Ribeiro Almeida,POR,MF,Valencia,La Liga,22,18,2,686,559,81.49,3,45,6,13.33,24,9,0
Carlos Álvarez,ESP,FW,Sevilla,La Liga,19,1,0,0,0,,0,0,0,,1,0,1
Gastón Álvarez,URU,DF,Getafe,La Liga,22,10,2,204,134,65.69,0,5,1,20.0,9,14,1
Julián Álvarez,ARG,FWMF,Manchester City,Premier League,23,16,4,201,159,79.1,0,8,1,12.5,5,5,1
Agustín Álvarez Martínez,URU,FWMF,Sassuolo,Serie A,21,16,1,65,52,80.0,1,2,0,0.0,2,8,1
Bruno Amione,ARG,DF,Hellas Verona,Serie A,21,1,0,17,12,70.59,0,0,0,,1,1,1
Bruno Amione,ARG,DF,Sampdoria,Serie A,21,10,0,418,322,77.03,1,3,1,33.33,14,29,1
Ethan Ampadu,WAL,DFMF,Spezia,Serie A,22,16,0,736,550,74.73,1,10,4,40.0,25,35,0
Elliot Anderson,SCO,FWMF,Newcastle Utd,Premier League,20,10,0,73,56,76.71,0,3,0,0.0,3,5,1
Jaidon Anthony,ENG,MFFW,Bournemouth,Premier League,23,17,3,344,251,72.97,0,31,5,16.13,13,8,1
Janis Antiste,FRA,FW,Sassuolo,Serie A,20,2,1,17,13,76.47,0,0,0,,0,2,1
Marcos Antônio,BRA,MF,Lazio,Serie A,22,11,0,204,182,89.22,0,0,0,,4,0,1
Antony,BRA,FW,Manchester Utd,Premier League,22,12,3,413,319,77.24,0,18,0,0.0,3,3,1
Valentin Antov,BUL,DF,Monza,Serie A,22,4,0,112,92,82.14,0,1,0,0.0,4,3,1
Adil Aouchiche,FRA,MFFW,Lorient,Ligue 1,20,6,0,56,42,75.0,0,7,0,0.0,0,0,1
Ronald Araújo,URU,DF,Barcelona,La Liga,23,10,0,625,555,88.8,1,1,0,0.0,9,20,0
Cameron Archer,ENG,FWMF,Aston Villa,Premier League,21,6,0,13,9,69.23,0,1,0,0.0,0,0,1
Taïryk Arconte,FRA,FWMF,Brest,Ligue 1,19,2,0,1,1,100.0,0,0,0,,0,0,1
Roberto Arroyo,ESP,MF,Valladolid,La Liga,19,1,0,4,0,0.0,0,1,0,0.0,1,0,1
Kristoffer Askildsen,NOR,MF,Lecce,Serie A,22,16,0,220,141,64.09,0,19,0,0.0,3,17,1
Fisnik Asllani,KVX,FWMF,Hoffenheim,Bundesliga,20,4,0,26,15,57.69,0,2,0,0.0,0,0,1
Kristjan Asllani,ALB,MF,Inter,Serie A,20,12,0,225,195,86.67,0,8,0,0.0,4,0,1
Lorenz Assignon,TOG,DF,Rennes,Ligue 1,22,6,0,106,87,82.08,1,2,0,0.0,2,2,1
Mehmet-Can Aydin,GER,DF,Schalke 04,Bundesliga,21,10,0,134,80,59.7,0,9,0,0.0,9,7,1
Ayman Azhil,MAR,MF,Leverkusen,Bundesliga,21,1,0,0,0,,0,0,0,,0,0,1
Sanoussy Ba,GER,DF,RB Leipzig,Bundesliga,19,1,0,0,0,,0,0,0,,0,0,1
Loïc Bade,FRA,DF,Sevilla,La Liga,22,6,0,382,342,89.53,0,2,0,0.0,6,8,1
Loïc Bade,FRA,DF,Rennes,Ligue 1,22,1,0,59,52,88.14,1,0,0,,1,2,1
Benoît Badiashile,FRA,DF,Chelsea,Premier League,21,4,0,356,326,91.57,0,0,0,,2,16,1
Benoît Badiashile,FRA,DF,Monaco,Ligue 1,21,11,2,469,404,86.14,0,0,0,,8,21,0
Alex Baena,ESP,MFFW,Villarreal,La Liga,21,18,4,393,304,77.35,1,13,1,7.69,9,0,1
Brandon Baiye,BEL,MF,Clermont Foot,Ligue 1,22,7,0,30,26,86.67,0,0,0,,2,0,1
Stefan Bajcetic,ESP,MF,Liverpool,Premier League,18,5,1,102,81,79.41,0,4,1,25.0,2,4,1
Nedim Bajrami,ALB,MFFW,Empoli,Serie A,23,19,1,346,259,74.86,1,35,0,0.0,4,2,1
Nedim Bajrami,ALB,MF,Sassuolo,Serie A,23,1,0,6,4,66.67,0,0,0,,0,0,1
Mitchel Bakker,NED,MFDF,Leverkusen,Bundesliga,22,17,2,592,468,79.05,1,14,2,14.29,7,9,0
Tommaso Baldanzi,ITA,MF,Empoli,Serie A,19,13,4,314,261,83.12,0,6,0,0.0,7,2,1
Alejandro Balde,ESP,DF,Barcelona,La Liga,19,18,0,879,797,90.67,4,19,4,21.05,18,5,0
Thierno Balde,FRA,DF,Troyes,Ligue 1,20,18,0,596,497,83.39,0,21,2,9.52,11,2,0
Carlos Baleba,CMR,MF,Lille,Ligue 1,19,9,0,190,159,83.68,0,0,0,,9,1,1
Folarin Balogun,ENG,FW,Reims,Ligue 1,21,21,14,285,186,65.26,1,12,0,0.0,2,9,1
Lameck Banda,ZAM,FWMF,Lecce,Serie A,22,22,1,262,163,62.21,1,31,1,3.23,11,5,1
Bradley Barcola,FRA,FWMF,Lyon,Ligue 1,20,12,1,100,72,72.0,1,3,0,0.0,5,5,1
Melvin Bard,FRA,DF,Nice,Ligue 1,22,20,0,887,699,78.8,0,35,3,8.57,38,19,0
Leandro Barreiro Martins,LUX,MF,Mainz 05,Bundesliga,23,18,0,301,202,67.11,2,4,1,25.0,18,20,1
Ander Barrenetxea,ESP,FWDF,Real Sociedad,La Liga,21,7,1,68,52,76.47,0,0,0,,3,4,1
Pablo Barrios,ESP,MF,Atlético Madrid,La Liga,19,5,0,183,155,84.7,0,3,0,0.0,4,2,1
Alessandro Bastoni,ITA,DF,Inter,Serie A,23,17,0,984,821,83.43,2,20,4,20.0,12,28,0
Maximilian Bauer,GER,DF,Augsburg,Bundesliga,23,15,0,411,294,71.53,0,1,0,0.0,10,43,1
Christoph Baumgartner,AUT,MFFW,Hoffenheim,Bundesliga,23,20,5,612,420,68.63,3,20,2,10.0,11,33,0
Brian Bayeye,FRA,DF,Torino,Serie A,22,1,0,46,29,63.04,0,1,0,0.0,0,0,1
Gavin Bazunu,IRL,GK,Southampton,Premier League,20,22,0,805,488,60.62,0,0,0,,0,10,0
Julius Beck,DEN,MF,Spezia,Serie A,17,1,0,6,6,100.0,0,0,0,,1,0,1
Yanis Begraoui,FRA,FWMF,Toulouse,Ligue 1,21,3,0,20,14,70.0,0,0,0,,0,0,1
Alexis Beka Beka,FRA,MF,Nice,Ligue 1,21,8,0,172,140,81.4,0,5,0,0.0,4,1,1
Armel Bella Kotchap,GER,DF,Southampton,Premier League,21,13,0,456,344,75.44,1,4,0,0.0,7,24,0
Raoul Bellanova,ITA,DFMF,Inter,Serie A,22,10,0,113,84,74.34,0,14,1,7.14,2,2,1
Jude Bellingham,ENG,MF,Dortmund,Bundesliga,19,19,4,1025,828,80.78,4,19,2,10.53,29,26,0
Jeanöel Belocian,FRA,DF,Rennes,Ligue 1,17,1,0,5,5,100.0,0,0,0,,0,0,1
Eliesse Ben Seghir,FRA,FW,Monaco,Ligue 1,17,7,3,166,133,80.12,1,2,0,0.0,7,3,1
Salim Ben Seghir,FRA,MF,Marseille,Ligue 1,19,1,0,0,0,,0,0,0,,0,0,1
Mitchell van Bergen,NED,FWDF,Reims,Ligue 1,23,18,0,181,113,62.43,1,38,3,7.89,5,2,1
Victor Bernth Kristiansen,DEN,DF,Leicester City,Premier League,20,2,0,95,63,66.32,0,5,0,0.0,9,1,1
Owen Bevan,WAL,DF,Bournemouth,Premier League,19,1,0,3,2,66.67,0,0,0,,0,0,1
Alessandro Bianco,ITA,MF,Fiorentina,Serie A,20,3,0,56,48,85.71,0,1,0,0.0,1,1,1
Giulian Biancone,FRA,DF,Nott'ham Forest,Premier League,22,2,0,20,14,70.0,0,1,0,0.0,1,2,1
El Bilal Touré,MLI,FW,Almería,La Liga,21,15,4,198,141,71.21,2,3,1,33.33,2,34,1
El Bilal Touré,MLI,FW,Reims,Ligue 1,21,3,0,20,16,80.0,0,0,0,,0,3,1
Samuele Birindelli,ITA,DF,Monza,Serie A,23,18,0,499,363,72.75,1,55,9,16.36,10,2,0
Tom Bischof,GER,MFFW,Hoffenheim,Bundesliga,17,6,0,79,60,75.95,0,6,1,16.67,6,0,1
Blanco,ESP,MF,Cádiz,La Liga,22,3,0,60,56,93.33,0,0,0,,4,3,1
Lautaro Blanco,ARG,MFDF,Elche,La Liga,23,5,0,102,59,57.84,1,21,2,9.52,2,0,1
Joaquín Blázquez,ARG,GK,Brest,Ligue 1,22,1,0,29,21,72.41,0,0,0,,0,0,1
Myron Boadu,NED,FW,Monaco,Ligue 1,22,4,1,6,2,33.33,0,0,0,,0,3,1
Emil Bohinen,NOR,MF,Salernitana,Serie A,23,10,0,177,154,87.01,0,1,1,100.0,8,1,1
Warren Bondo,FRA,MF,Monza,Serie A,19,4,0,49,43,87.76,0,0,0,,0,1,1
Yvandro Borges Sanches,LUX,FWMF,M'Gladbach,Bundesliga,18,3,0,9,8,88.89,0,2,1,50.0,2,0,1
Sebastiaan Bornauw,BEL,DF,Wolfsburg,Bundesliga,23,15,0,683,574,84.04,0,2,0,0.0,9,30,0
Erik Botheim,NOR,FW,Salernitana,Serie A,23,15,1,86,54,62.79,1,3,0,0.0,3,11,1
Sven Botman,NED,DF,Newcastle Utd,Premier League,23,20,0,965,829,85.91,0,0,0,,14,37,0
Kouamé Botué,BFA,FWMF,Ajaccio,Ligue 1,20,7,0,46,32,69.57,0,0,0,,2,10,1
Badredine Bouanani,ALG,FWMF,Nice,Ligue 1,18,4,0,79,62,78.48,3,8,1,12.5,0,0,1
Hicham Boudaoui,ALG,MF,Nice,Ligue 1,23,13,0,433,378,87.3,1,7,0,0.0,14,6,0
Franci Bouebari,FRA,DF,Strasbourg,Ligue 1,19,2,0,24,14,58.33,0,1,0,0.0,0,1,1
Wassim Boullif,ESP,DFMF,Espanyol,La Liga,18,4,0,5,4,80.0,0,0,0,,1,0,1
Ismaëlben Boura,FRA,DFFW,Lens,Ligue 1,22,9,0,66,49,74.24,0,7,0,0.0,4,1,1
Edoardo Bove,ITA,MF,Roma,Serie A,20,10,0,58,46,79.31,0,1,0,0.0,4,1,1
Jayden Braaf,NED,MF,Hellas Verona,Serie A,20,1,0,12,9,75.0,0,0,0,,1,0,1
Domagoj Bradari?,CRO,DF,Salernitana,Serie A,23,16,0,494,370,74.9,1,38,6,15.79,7,4,0
Bilal Brahimi,ALG,FWMF,Nice,Ligue 1,22,15,3,199,148,74.37,2,28,4,14.29,1,1,1
Juan Brandáriz,ESP,DF,Almería,La Liga,23,11,1,376,318,84.57,0,2,1,50.0,7,5,1
Lilian Brassier,FRA,DF,Brest,Ligue 1,23,20,0,896,676,75.45,0,30,7,23.33,13,20,0
Armando Broja,ALB,FW,Chelsea,Premier League,21,12,1,53,33,62.26,0,0,0,,1,9,1
Moritz Broschinski,GER,FW,Bochum,Bundesliga,22,1,1,7,5,71.43,0,0,0,,0,0,1
Lewis Brunt,ENG,DF,Leicester City,Premier League,22,1,0,18,14,77.78,0,0,0,,0,0,1
Bryan,ESP,MFFW,Tottenham,Premier League,22,4,0,62,48,77.42,1,2,0,0.0,1,0,1
Bryan,ESP,DFMF,Sevilla,La Liga,22,2,1,75,55,73.33,0,5,0,0.0,1,2,1
Lee Buchanan,ENG,DFFW,Werder Bremen,Bundesliga,21,13,1,141,97,68.79,0,13,1,7.69,6,5,1
Hugo Bueno,ESP,DF,Wolves,Premier League,20,12,0,434,350,80.65,1,37,5,13.51,14,4,0
Facundo Buonanotte,ARG,MFFW,Brighton,Premier League,18,1,0,7,6,85.71,0,0,0,,0,0,1
Alessandro Buongiorno,ITA,DF,Torino,Serie A,23,18,0,717,590,82.29,0,6,2,33.33,12,53,0
Jonathan Burkardt,GER,MFFW,Mainz 05,Bundesliga,22,11,1,110,71,64.55,2,11,2,18.18,1,8,1
Maxime Busi,BEL,DF,Reims,Ligue 1,23,9,0,315,224,71.11,1,14,4,28.57,12,7,1
Marcin Bu?ka,POL,GK,Nice,Ligue 1,23,2,0,67,54,80.6,0,0,0,,0,0,1
Jamie Bynoe-Gittens,ENG,FWMF,Dortmund,Bundesliga,18,9,3,85,67,78.82,0,3,0,0.0,3,3,1
Juan Cabal,COL,DF,Hellas Verona,Serie A,22,3,0,28,19,67.86,0,2,1,50.0,1,0,1
Liberato Cacace,NZL,DF,Empoli,Serie A,22,5,0,207,162,78.26,0,13,0,0.0,7,2,1
Moisés Caicedo,ECU,MF,Brighton,Premier League,21,20,1,1180,1039,88.05,1,9,4,44.44,28,23,0
Jens Cajuste,SWE,MF,Reims,Ligue 1,23,16,1,423,343,81.09,1,2,0,0.0,17,8,0
Kerim Calhanoglu,GER,DF,Schalke 04,Bundesliga,20,3,0,42,30,71.43,0,2,1,50.0,1,1,1
Mohamed Camara,MLI,MF,Monaco,Ligue 1,23,18,0,819,716,87.42,2,2,1,50.0,32,11,0
Ousmane Camara,GUI,FWMF,Auxerre,Ligue 1,21,3,0,7,6,85.71,0,2,1,50.0,1,0,1
Ousmane Camara,FRA,DF,Angers,Ligue 1,19,3,0,140,129,92.14,0,0,0,,3,5,1
Eduardo Camavinga,FRA,MFDF,Real Madrid,La Liga,20,20,0,637,579,90.89,1,5,1,20.0,21,9,0
Nicolò Cambiaghi,ITA,FWMF,Empoli,Serie A,22,16,2,200,151,75.5,1,17,0,0.0,11,2,1
Andrea Cambiaso,ITA,DF,Bologna,Serie A,22,19,0,696,548,78.74,2,35,6,17.14,18,3,0
Axel Camblan,FRA,FWMF,Brest,Ligue 1,19,7,0,26,18,69.23,0,2,0,0.0,2,7,1
Sergio Camello,ESP,FW,Rayo Vallecano,La Liga,22,20,5,269,216,80.3,3,1,0,0.0,7,18,1
Chem Campbell,WAL,FWMF,Wolves,Premier League,20,5,0,33,24,72.73,0,4,0,0.0,1,2,1
Matteo Cancellieri,ITA,FW,Lazio,Serie A,21,14,0,75,55,73.33,0,5,1,20.0,3,4,1
Thomas Cannon,IRL,FW,Everton,Premier League,20,2,0,5,4,80.0,0,0,0,,0,0,1
Maxence Caqueret,FRA,MF,Lyon,Ligue 1,22,20,1,954,803,84.17,3,42,3,7.14,27,9,0
Andrea Carboni,ITA,DF,Monza,Serie A,22,4,0,85,67,78.82,0,5,2,40.0,2,0,1
Valentin Carboni,ITA,MFFW,Inter,Serie A,17,2,0,4,3,75.0,0,0,0,,0,0,1
Carmona,ESP,MF,Elche,La Liga,21,3,1,84,56,66.67,0,7,0,0.0,4,1,1
Carmona,ESP,DF,Sevilla,La Liga,21,10,2,327,267,81.65,1,11,2,18.18,11,3,1
Marco Carnesecchi,ITA,GK,Cremonese,Serie A,22,12,0,385,246,63.9,0,0,0,,0,1,1
Fabio Carvalho,POR,MFFW,Liverpool,Premier League,20,11,2,137,112,81.75,0,2,0,0.0,8,4,1
Matis Carvalho,POR,GK,Montpellier,Ligue 1,23,2,0,53,21,39.62,0,0,0,,0,1,1
Yoann Cathline,FRA,FWMF,Lorient,Ligue 1,20,10,1,153,98,64.05,1,21,2,9.52,5,2,1
Emil Ceide,NOR,FW,Sassuolo,Serie A,21,12,0,95,66,69.47,0,4,1,25.0,1,1,1
Julio César Enciso,PAR,FWMF,Brighton,Premier League,19,5,0,28,18,64.29,0,1,0,0.0,0,1,1
El Chadaille Bitshiabu,FRA,DF,Paris S-G,Ligue 1,17,5,0,189,177,93.65,0,0,0,,4,2,1
Fares Chaïbi,FRA,FWMF,Toulouse,Ligue 1,20,20,4,546,389,71.25,4,29,2,6.9,9,21,0
Trevoh Chalobah,ENG,DF,Chelsea,Premier League,23,12,0,640,567,88.59,0,2,0,0.0,10,19,0
Rayan Cherki,FRA,MFFW,Lyon,Ligue 1,19,19,2,447,336,75.17,3,62,4,6.45,3,1,0
Lucas Chevalier,FRA,GK,Lille,Ligue 1,21,16,0,512,392,76.56,0,0,0,,1,1,0
Fabio Chiarodia,ITA,DF,Werder Bremen,Bundesliga,17,1,0,0,0,,0,0,0,,0,0,1
Joris Chotard,FRA,MF,Montpellier,Ligue 1,21,19,0,609,483,79.31,1,10,1,10.0,15,6,0
Oliver Christensen,DEN,GK,Hertha BSC,Bundesliga,23,19,0,716,498,69.55,0,0,0,,0,4,0
Carney Chukwuemeka,ENG,MFFW,Chelsea,Premier League,19,8,0,95,77,81.05,0,3,2,66.67,4,1,1
Samuel Chukwueze,NGA,FWMF,Villarreal,La Liga,23,19,1,391,301,76.98,2,12,4,33.33,5,7,1
Darko Churlinov,MKD,FW,Stuttgart,Bundesliga,22,1,0,0,0,,0,0,0,,2,0,1
Víctor Chust,ESP,DF,Cádiz,La Liga,22,11,1,393,324,82.44,0,0,0,,6,16,1
Yanis Cimignani,FRA,MFDF,Ajaccio,Ligue 1,21,8,0,113,75,66.37,0,10,2,20.0,5,0,1
Tio Cipot,SVN,DFFW,Spezia,Serie A,19,3,0,22,15,68.18,0,1,0,0.0,3,0,1
Souleymane Cissé,FRA,DF,Clermont Foot,Ligue 1,20,2,0,11,8,72.73,0,0,0,,1,1,1
Bobby Clark,ENG,MF,Liverpool,Premier League,18,1,0,1,1,100.0,0,0,0,,0,0,1
David ?olina,CRO,DFMF,Augsburg,Bundesliga,22,3,1,32,19,59.38,0,2,0,0.0,0,1,1
Álex Collado,ESP,MF,Elche,La Liga,23,9,1,216,174,80.56,1,11,1,9.09,11,4,1
Diego Collado,ESP,FW,Villarreal,La Liga,22,2,0,5,3,60.0,0,1,0,0.0,0,0,1
Nathan Collins,IRL,DF,Wolves,Premier League,21,17,0,911,810,88.91,0,0,0,,11,25,0
Lorenzo Colombo,ITA,FW,Lecce,Serie A,20,20,4,230,149,64.78,2,7,0,0.0,4,23,1
Andrea Colpani,ITA,MF,Monza,Serie A,23,15,2,219,174,79.45,0,15,2,13.33,4,1,1
Levi Colwill,ENG,DF,Brighton,Premier League,19,7,0,428,382,89.25,0,0,0,,1,15,0
Copete,ESP,DF,Mallorca,La Liga,23,17,0,538,420,78.07,0,3,0,0.0,17,17,0
Diego Coppola,ITA,DF,Hellas Verona,Serie A,19,8,0,314,227,72.29,0,2,1,50.0,8,15,1
Thierry Correia,POR,DF,Valencia,La Liga,23,16,0,980,759,77.45,0,53,6,11.32,29,17,0
Alessandro Cortinovis,ITA,MF,Hellas Verona,Serie A,22,1,0,4,3,75.0,0,1,1,100.0,0,0,1
David Pereira da Costa,POR,MFFW,Lens,Ligue 1,22,20,1,646,522,80.8,3,38,3,7.89,7,3,0
Logan Costa,CPV,DF,Toulouse,Ligue 1,21,1,0,20,18,90.0,0,0,0,,0,0,1
Samu Costa,POR,MF,Almería,La Liga,22,17,1,661,517,78.21,0,4,0,0.0,22,24,0
Tanguy Coulibaly,FRA,DFFW,Stuttgart,Bundesliga,21,2,0,25,18,72.0,0,3,1,33.33,2,0,1
Yan Couto,BRA,DFMF,Girona,La Liga,20,14,0,392,296,75.51,1,35,6,17.14,13,1,1
Conor Coventry,IRL,MFFW,West Ham,Premier League,22,1,0,0,0,,0,0,0,,0,0,1
Juan Cruz,ESP,FW,Betis,La Liga,22,5,1,37,22,59.46,0,6,0,0.0,0,1,1
Jorge Cuenca,ESP,DF,Villarreal,La Liga,23,6,0,274,235,85.77,0,1,0,0.0,4,9,1
Mickaël Cuisance,FRA,MF,Sampdoria,Serie A,23,1,0,16,9,56.25,0,1,0,0.0,3,0,1
Matheus Cunha,BRA,FW,Wolves,Premier League,23,5,0,61,44,72.13,0,2,0,0.0,0,2,1
Matheus Cunha,BRA,FWMF,Atlético Madrid,La Liga,23,11,0,85,64,75.29,2,3,0,0.0,1,3,1
Luca D'Andrea,ITA,FW,Sassuolo,Serie A,18,5,0,84,61,72.62,1,7,2,28.57,0,2,1
Thijs Dallinga,NED,FW,Toulouse,Ligue 1,22,21,7,267,179,67.04,1,11,0,0.0,4,29,1
Diogo Dalot,POR,DF,Manchester Utd,Premier League,23,15,0,826,638,77.24,2,29,12,41.38,25,24,0
Muhammed Damar,GER,MF,Hoffenheim,Bundesliga,18,5,0,63,50,79.37,0,2,0,0.0,3,2,1
Mikkel Damsgaard,DEN,MFFW,Brentford,Premier League,22,11,0,127,90,70.87,0,9,0,0.0,7,1,1
Flavius Daniliuc,AUT,DF,Salernitana,Serie A,21,13,0,579,502,86.7,1,0,0,,13,23,0
Flavius Daniliuc,AUT,DF,Nice,Ligue 1,21,2,0,64,58,90.62,0,2,1,50.0,0,1,1
Danilo,BRA,MF,Nott'ham Forest,Premier League,21,2,0,38,27,71.05,0,0,0,,4,2,1
Márton Dárdai,GER,DF,Hertha BSC,Bundesliga,21,7,0,79,44,55.7,0,0,0,,1,4,1
Achraf Dari,MAR,DF,Brest,Ligue 1,23,12,1,492,402,81.71,0,0,0,,9,19,0
Jonathan David,CAN,FW,Lille,Ligue 1,23,21,12,477,391,81.97,4,4,2,50.0,10,6,0
Alphonso Davies,CAN,DF,Bayern Munich,Bundesliga,22,17,0,1106,971,87.79,2,8,0,0.0,20,3,0
Charles De Ketelaere,BEL,MFFW,Milan,Serie A,21,18,0,233,177,75.97,1,7,0,0.0,5,13,1
Koni De Winter,BEL,DF,Empoli,Serie A,20,11,0,409,358,87.53,0,0,0,,6,14,0
Duccio Degli Innocenti,ITA,MF,Empoli,Serie A,19,1,0,0,0,,0,0,0,,0,0,1
Alberto Del Moral,ESP,MF,Villarreal,La Liga,22,1,0,1,0,0.0,0,0,0,,0,0,1
Sacha Delaye,FRA,FWMF,Montpellier,Ligue 1,20,3,1,16,9,56.25,0,0,0,,0,1,1
Fran Delgado,ESP,DF,Betis,La Liga,21,1,0,11,9,81.82,0,1,0,0.0,0,0,1
Karamoko Dembele,SCO,FWMF,Brest,Ligue 1,19,11,0,64,40,62.5,0,12,1,8.33,0,0,1
Sepp van den Berg,NED,DF,Schalke 04,Bundesliga,21,4,0,151,126,83.44,0,0,0,,1,7,1
Halil Derviþoðlu,TUR,MF,Brentford,Premier League,23,1,0,0,0,,0,0,0,,0,0,1
Sergiño Dest,USA,DF,Milan,Serie A,22,8,0,196,167,85.2,0,4,1,25.0,6,3,1
Moussa Diaby,FRA,FW,Leverkusen,Bundesliga,23,20,7,629,472,75.04,3,64,11,17.19,6,2,0
Bafodé Diakité,FRA,DF,Lille,Ligue 1,22,21,0,1251,1086,86.81,0,16,2,12.5,25,24,0
Ibrahim Diakité,GUI,DF,Reims,Ligue 1,19,3,0,66,47,71.21,0,7,0,0.0,3,1,1
Baila Diallo,FRA,DF,Clermont Foot,Ligue 1,21,2,0,23,13,56.52,0,3,0,0.0,0,2,1
Ibrahima Diallo,FRA,MF,Southampton,Premier League,23,13,0,325,250,76.92,0,3,0,0.0,10,15,1
Mamady Diarra,MLI,MFDF,Cádiz,La Liga,22,2,0,9,8,88.89,0,0,0,,1,0,1
Mouhamadou Diarra,SEN,MF,Strasbourg,Ligue 1,19,16,0,318,235,73.9,0,14,0,0.0,10,5,1
Moussa Diarra,MLI,DF,Toulouse,Ligue 1,22,17,0,520,436,83.85,1,13,4,30.77,8,14,0
Krépin Diatta,SEN,MFFW,Monaco,Ligue 1,23,19,2,473,361,76.32,2,34,3,8.82,12,28,0
Brahim Díaz,ESP,MF,Milan,Serie A,23,19,4,394,310,78.68,3,12,1,8.33,8,2,1
Justin Diehl,GER,FW,Köln,Bundesliga,18,1,0,1,1,100.0,0,0,0,,0,0,1
Bamba Dieng,SEN,FWMF,Marseille,Ligue 1,22,10,1,42,27,64.29,0,1,1,100.0,4,9,1
Bamba Dieng,SEN,FWMF,Lorient,Ligue 1,22,2,0,23,18,78.26,0,2,0,0.0,0,0,1
Junior Dina Ebimbe,FRA,DFMF,Eint Frankfurt,Bundesliga,22,11,2,339,242,71.39,1,5,1,20.0,16,12,1
Eren Dinkçi,GER,FWMF,Werder Bremen,Bundesliga,21,7,0,38,22,57.89,0,2,0,0.0,3,2,1
Sinaly Diomande,CIV,DF,Lyon,Ligue 1,21,11,0,720,619,85.97,0,1,0,0.0,11,34,0
Sofiane Diop,FRA,MFFW,Nice,Ligue 1,22,15,1,479,384,80.17,4,28,3,10.71,9,6,0
Sofiane Diop,FRA,MF,Monaco,Ligue 1,22,1,1,34,21,61.76,0,7,0,0.0,0,2,1
Yehvann Diouf,FRA,GK,Reims,Ligue 1,23,15,0,476,368,77.31,0,0,0,,0,5,0
Malcom Abdulai Ares Djalo,ESP,FW,Athletic Club,La Liga,21,1,0,4,4,100.0,0,0,0,,0,0,1
Tiago Djaló,POR,DF,Lille,Ligue 1,22,21,2,1384,1276,92.2,0,3,0,0.0,21,25,0
Moussa Djitte,SEN,FW,Ajaccio,Ligue 1,23,2,0,5,3,60.0,0,0,0,,0,0,1
Alan Do Marcolino,GAB,FW,Rennes,Ligue 1,20,1,0,2,2,100.0,0,0,0,,0,0,1
Ben Doak,SCO,FW,Liverpool,Premier League,17,2,0,13,10,76.92,0,0,0,,2,0,1
Josh Doig,SCO,DF,Hellas Verona,Serie A,20,14,2,355,234,65.92,3,41,7,17.07,4,11,1
Jeremy Doku,BEL,MFFW,Rennes,Ligue 1,20,15,0,188,155,82.45,0,9,1,11.11,7,2,1
Carlos Dominguez,ESP,MF,Celta Vigo,La Liga,22,1,0,0,0,,0,0,0,,0,0,1
John Donald,ESP,DF,Elche,La Liga,22,3,0,32,28,87.5,0,0,0,,0,2,1
Kyliane Dong,FRA,DFMF,Troyes,Ligue 1,18,3,0,15,8,53.33,0,2,0,0.0,1,0,1
Gianluigi Donnarumma,ITA,GK,Paris S-G,Ligue 1,23,23,0,596,518,86.91,0,0,0,,0,5,0
Lohann Doucet,FRA,MFFW,Nantes,Ligue 1,20,8,0,66,54,81.82,0,0,0,,0,0,1
Cheick Doucouré,MLI,MF,Crystal Palace,Premier League,23,20,0,772,642,83.16,2,3,0,0.0,35,13,0
Ckene Doucouré,COM,FWMF,Lorient,Ligue 1,20,5,0,26,14,53.85,1,0,0,,2,3,1
Désiré Doué,FRA,MFFW,Rennes,Ligue 1,17,16,3,246,197,80.08,1,19,0,0.0,13,8,1
Guela Doué,FRA,FW,Rennes,Ligue 1,20,1,0,4,4,100.0,0,0,0,,0,0,1
Ismaël Doukouré,FRA,DF,Strasbourg,Ligue 1,19,13,1,459,374,81.48,0,5,0,0.0,6,10,0
Kamory Doumbia,MLI,MF,Reims,Ligue 1,19,19,2,380,299,78.68,2,8,1,12.5,11,7,1
Cody Drameh,ENG,DF,Leeds United,Premier League,21,1,0,36,29,80.56,0,1,0,0.0,4,1,1
Dion Drena Beljo,CRO,FW,Augsburg,Bundesliga,20,5,0,78,48,61.54,0,3,1,33.33,2,15,1
Jhon Durán,COL,FW,Aston Villa,Premier League,19,1,0,5,3,60.0,0,0,0,,0,0,1
Pablo Durán,ESP,MFDF,Celta Vigo,La Liga,22,4,0,21,14,66.67,0,1,0,0.0,0,1,1
Hugo Duro,ESP,FWMF,Valencia,La Liga,23,15,1,120,90,75.0,0,1,0,0.0,2,10,1
Malcolm Ebiowei,ENG,MFFW,Crystal Palace,Premier League,19,3,0,9,5,55.56,0,3,0,0.0,1,0,1
Festy Ebosele,IRL,DF,Udinese,Serie A,20,5,0,28,21,75.0,0,4,1,25.0,0,2,1
Enzo Ebosse,CMR,DF,Udinese,Serie A,23,18,0,545,443,81.28,0,15,1,6.67,8,15,0
Éderson,BRA,MFFW,Atalanta,Serie A,23,19,1,484,388,80.17,0,11,3,27.27,22,6,0
Samuel Edozie,ENG,FWMF,Southampton,Premier League,20,15,0,151,102,67.55,0,10,1,10.0,8,6,1
Lilian Egloff,GER,MFFW,Stuttgart,Bundesliga,20,10,0,72,42,58.33,0,2,0,0.0,10,3,1
Hugo Ekitike,FRA,FW,Paris S-G,Ligue 1,20,16,3,217,180,82.95,3,0,0,,4,5,1
Emmanuel Ekong,SWE,FWMF,Empoli,Serie A,20,2,0,4,3,75.0,0,0,0,,0,0,1
Anthony Elanga,SWE,FW,Manchester Utd,Premier League,20,13,0,122,90,73.77,1,6,0,0.0,0,7,1
Mikael Ellertsson,ISL,MFDF,Spezia,Serie A,20,11,0,40,24,60.0,0,3,0,0.0,2,2,1
Harvey Elliott,ENG,MFFW,Liverpool,Premier League,19,20,1,684,544,79.53,1,28,5,17.86,7,1,0
Elif Elmas,MKD,FWMF,Napoli,Serie A,23,20,5,426,352,82.63,1,7,2,28.57,5,1,0
Sepe Elye Wahi,FRA,FW,Montpellier,Ligue 1,20,19,7,282,188,66.67,1,9,0,0.0,3,14,1
Arne Engels,BEL,MF,Augsburg,Bundesliga,19,5,0,191,136,71.2,2,22,1,4.55,5,3,1
Salvatore Esposito,ITA,MF,Spezia,Serie A,22,4,0,137,106,77.37,0,5,0,0.0,2,3,1
Maxime Estève,FRA,DF,Montpellier,Ligue 1,20,18,0,597,481,80.57,0,1,0,0.0,12,25,0
Nicolás Ezequiel Fernández,ARG,MFDF,Elche,La Liga,23,9,0,128,97,75.78,0,12,4,33.33,9,0,1
Abdessamad Ezzalzouli,MAR,FWMF,Osasuna,La Liga,21,14,0,220,150,68.18,2,21,4,19.05,10,1,1
Noah Fadiga,SEN,DF,Brest,Ligue 1,23,13,1,431,348,80.74,0,8,3,37.5,11,2,0
Nicolò Fagioli,ITA,MF,Juventus,Serie A,22,12,2,259,216,83.4,2,13,2,15.38,4,0,1
Mamadou Fall,SEN,DF,Villarreal,La Liga,20,1,0,18,14,77.78,0,1,1,100.0,0,0,1
Ansu Fati,ESP,FW,Barcelona,La Liga,20,20,3,335,282,84.18,3,4,0,0.0,6,4,1
Khalil Fayad,FRA,MF,Montpellier,Ligue 1,18,13,0,228,188,82.46,2,3,1,33.33,11,2,1
Jacopo Fazzini,ITA,MF,Empoli,Serie A,19,11,0,93,76,81.72,0,3,1,33.33,8,5,1
João Félix,POR,MFFW,Chelsea,Premier League,23,2,1,70,49,70.0,0,9,0,0.0,2,0,1
João Félix,POR,FWMF,Atlético Madrid,La Liga,23,14,4,229,172,75.11,3,8,1,12.5,7,7,1
Evan Ferguson,IRL,FW,Brighton,Premier League,18,6,3,52,40,76.92,2,0,0,,0,4,1
Lewis Ferguson,SCO,MF,Bologna,Serie A,23,15,3,453,370,81.68,0,6,0,0.0,15,7,0
Enzo Fernández,ARG,MF,Chelsea,Premier League,22,2,0,169,148,87.57,1,0,0,,6,1,1
Mateo Fernández,ESP,FWMF,Leeds United,Premier League,19,2,0,0,0,,0,0,0,,0,0,1
Kilian Fischer,GER,DFFW,Wolfsburg,Bundesliga,22,3,0,55,40,72.73,0,2,0,0.0,0,1,1
Florian Flick,GER,MF,Schalke 04,Bundesliga,22,8,0,185,129,69.73,0,1,0,0.0,3,14,1
Alexis Flips,FRA,DFMF,Reims,Ligue 1,23,17,2,528,348,65.91,3,72,11,15.28,16,6,0
Phil Foden,ENG,FWDF,Manchester City,Premier League,22,18,7,637,512,80.38,4,59,8,13.56,7,14,0
Datro Fofana,CIV,FWMF,Chelsea,Premier League,20,1,0,2,1,50.0,0,0,0,,0,0,1
Wesley Fofana,FRA,DF,Leicester City,Premier League,22,2,0,140,117,83.57,0,0,0,,2,5,1
Wesley Fofana,FRA,DF,Chelsea,Premier League,22,2,0,190,172,90.53,0,0,0,,1,4,1
Yahia Fofana,FRA,GK,Angers,Ligue 1,22,8,0,243,173,71.19,0,0,0,,0,3,1
Tyrese Francois,AUS,FW,Fulham,Premier League,22,1,0,0,0,,0,0,0,,0,0,1
Bartol Franji?,CRO,MF,Wolfsburg,Bundesliga,23,5,0,80,62,77.5,1,1,0,0.0,2,5,1
Davide Frattesi,ITA,MF,Sassuolo,Serie A,23,21,5,616,483,78.41,0,9,1,11.11,19,16,0
Iván Fresneda,ESP,DF,Valladolid,La Liga,18,10,0,467,374,80.09,0,26,4,15.38,19,4,0
Jeremie Frimpong,NED,DFMF,Leverkusen,Bundesliga,22,20,5,755,588,77.88,4,36,6,16.67,18,9,0
Matteo Gabbia,ITA,DF,Milan,Serie A,23,11,0,351,281,80.06,0,2,0,0.0,10,15,1
Gianluca Gaetano,ITA,MF,Napoli,Serie A,22,3,0,23,16,69.57,1,0,0,,1,0,1
Adolfo Gaich,ARG,FW,Hellas Verona,Serie A,23,1,0,7,3,42.86,0,0,0,,0,0,1
Cody Gakpo,NED,FW,Liverpool,Premier League,23,3,0,44,27,61.36,0,5,0,0.0,2,4,1
Conor Gallagher,ENG,MFFW,Chelsea,Premier League,23,20,1,498,394,79.12,1,37,5,13.51,19,13,0
Antonino Gallo,ITA,DF,Lecce,Serie A,23,18,0,707,475,67.19,1,51,13,25.49,18,17,0
Ignatius Ganago,CMR,FWMF,Nantes,Ligue 1,23,16,3,187,118,63.1,3,9,0,0.0,3,30,1
Ignatius Ganago,CMR,FW,Lens,Ligue 1,23,4,0,10,9,90.0,0,0,0,,0,2,1
Carlos García,ESP,DF,Cádiz,La Liga,22,1,0,22,19,86.36,1,0,0,,0,1,1
Eric García,ESP,DF,Barcelona,La Liga,22,11,1,650,593,91.23,0,0,0,,11,8,0
Francisco Garcia,ESP,DF,Rayo Vallecano,La Liga,23,20,0,1126,903,80.2,2,86,10,11.63,23,4,0
Alejandro Garnacho,ESP,FW,Manchester Utd,Premier League,18,11,1,113,89,78.76,2,1,0,0.0,1,2,1
James Garner,ENG,MF,Everton,Premier League,21,6,0,78,58,74.36,0,6,0,0.0,5,2,1
Felix Garreta,ESP,DF,Betis,La Liga,18,1,0,40,34,85.0,0,0,0,,0,1,1
Gavi,ESP,MFFW,Barcelona,La Liga,18,20,1,662,571,86.25,2,24,3,12.5,18,24,0
Joe Gelhardt,ENG,FW,Leeds United,Premier League,20,15,0,66,42,63.64,2,1,0,0.0,2,5,1
Valentin Gendrey,FRA,DF,Lecce,Serie A,22,22,0,893,629,70.44,0,42,5,11.9,35,32,0
Denis Genreau,AUS,MFFW,Toulouse,Ligue 1,23,8,0,43,19,44.19,0,1,0,0.0,4,2,1
Ismaël Gharbi,ESP,MFFW,Paris S-G,Ligue 1,18,3,0,32,28,87.5,0,0,0,,0,0,1
Morgan Gibbs-White,ENG,FWMF,Wolves,Premier League,23,2,0,95,75,78.95,0,8,0,0.0,1,2,1
Morgan Gibbs-White,ENG,MFFW,Nott'ham Forest,Premier League,23,19,2,602,368,61.13,4,91,4,4.4,7,27,0
Mario Gila,ESP,DF,Lazio,Serie A,22,4,0,61,56,91.8,0,0,0,,1,0,1
Billy Gilmour,SCO,MF,Brighton,Premier League,21,7,0,155,143,92.26,0,0,0,,0,1,1
Gvidas Gineitis,LTU,MF,Torino,Serie A,18,1,0,27,21,77.78,0,0,0,,0,0,1
Degnand Gnonto,ITA,FWMF,Leeds United,Premier League,19,10,2,265,180,67.92,1,20,2,10.0,9,4,1
Angel Gomes,ENG,MF,Lille,Ligue 1,22,21,2,1040,882,84.81,3,37,0,0.0,14,3,0
João Gomes,BRA,MF,Wolves,Premier League,22,1,1,14,9,64.29,0,0,0,,0,0,1
Sergio Gómez,ESP,DFMF,Manchester City,Premier League,22,5,0,90,74,82.22,1,4,0,0.0,1,1,1
Joan Gonzàlez,ESP,MF,Lecce,Serie A,21,22,1,540,408,75.56,3,20,3,15.0,19,23,0
Nicolás González,ESP,MF,Valencia,La Liga,21,13,1,420,376,89.52,0,1,0,0.0,5,10,0
Roberto González,ESP,FWMF,Betis,La Liga,22,2,0,29,25,86.21,0,5,0,0.0,0,0,1
Anthony Gordon,ENG,MFFW,Newcastle Utd,Premier League,21,2,0,30,25,83.33,0,0,0,,1,0,1
Anthony Gordon,ENG,FW,Everton,Premier League,21,16,3,280,192,68.57,0,25,2,8.0,22,9,1
Amine Gouiri,FRA,FWMF,Nice,Ligue 1,22,3,0,74,53,71.62,0,6,0,0.0,1,3,1
Amine Gouiri,FRA,FW,Rennes,Ligue 1,22,17,9,360,289,80.28,1,7,3,42.86,9,14,1
José Gragera,ESP,MF,Espanyol,La Liga,22,1,0,16,13,81.25,0,0,0,,1,1,1
Ryan Gravenberch,NED,MF,Bayern Munich,Bundesliga,20,12,0,167,141,84.43,0,5,0,0.0,4,0,1
Sam Greenwood,ENG,MFFW,Leeds United,Premier League,21,12,1,145,89,61.38,2,28,0,0.0,5,1,1
Leo Greiml,AUT,DF,Schalke 04,Bundesliga,21,4,0,121,98,80.99,0,2,0,0.0,1,5,1
Brajan Gruda,GER,MF,Mainz 05,Bundesliga,18,2,0,0,0,,0,0,0,,0,0,1
Ilia Gruev,BUL,MF,Werder Bremen,Bundesliga,22,18,0,476,409,85.92,0,11,2,18.18,15,11,0
Gabriel Gudmundsson,SWE,FWDF,Lille,Ligue 1,23,5,0,41,29,70.73,0,6,2,33.33,3,1,1
Axel Gueguin,FRA,FWMF,Montpellier,Ligue 1,17,2,0,7,5,71.43,0,1,0,0.0,0,0,1
Marc Guéhi,ENG,DF,Crystal Palace,Premier League,22,21,0,1197,1037,86.63,0,0,0,,16,26,0
Mattéo Guendouzi,FRA,MF,Marseille,Ligue 1,23,21,1,884,770,87.1,3,14,2,14.29,12,19,0
Evann Guessand,FRA,FWMF,Nantes,Ligue 1,21,21,2,243,162,66.67,2,26,2,7.69,11,22,1
Hugo Guillamón,ESP,MF,Valencia,La Liga,23,17,1,749,622,83.04,4,25,1,4.0,5,13,0
Rafik Guitane,FRA,FW,Reims,Ligue 1,23,1,0,0,0,,0,0,0,,0,0,1
Malo Gusto,FRA,DF,Lyon,Ligue 1,19,17,0,1314,1072,81.58,1,104,27,25.96,21,8,0
Miguel Gutiérrez,ESP,DF,Girona,La Liga,21,20,0,847,676,79.81,2,64,9,14.06,12,5,0
Joko Gvardiol,CRO,DF,RB Leipzig,Bundesliga,21,18,0,1170,1036,88.55,0,1,0,0.0,7,21,0
Darko Gyabi,ENG,FW,Leeds United,Premier League,18,1,0,4,4,100.0,0,0,0,,2,0,1
Erling Haaland,NOR,FW,Manchester City,Premier League,22,20,25,289,213,73.7,3,5,0,0.0,1,25,1
Jaouen Hadjam,FRA,DF,Nantes,Ligue 1,19,3,0,116,93,80.17,0,3,2,66.67,4,2,1
Lewis Hall,ENG,DFMF,Chelsea,Premier League,18,5,0,194,146,75.26,0,9,1,11.11,3,6,1
Mathis Hamdi,FRA,DF,Troyes,Ligue 1,19,1,0,4,2,50.0,0,1,0,0.0,0,0,1
Luke Harris,WAL,MFFW,Fulham,Premier League,17,3,0,20,19,95.0,0,1,0,0.0,0,0,1
Kai Havertz,GER,FWMF,Chelsea,Premier League,23,21,5,518,417,80.5,1,5,1,20.0,11,51,0
Jan Paul van Hecke,NED,DF,Brighton,Premier League,22,2,0,96,92,95.83,0,0,0,,1,1,1
Luiz Henrique,BRA,FW,Betis,La Liga,22,19,1,314,233,74.2,1,14,2,14.29,22,16,1
Aaron Hickey,SCO,DF,Brentford,Premier League,20,10,0,316,256,81.01,0,13,1,7.69,14,4,1
Omar El Hilali,MAR,DFMF,Espanyol,La Liga,19,5,0,36,21,58.33,0,2,0,0.0,2,2,1
Piero Hincapié,ECU,DF,Leverkusen,Bundesliga,21,18,1,1054,873,82.83,0,14,2,14.29,20,30,0
Morten Hjulmand,DEN,MF,Lecce,Serie A,23,20,0,752,587,78.06,4,7,2,28.57,30,25,0
Adam Hlo?ek,CZE,FWMF,Leverkusen,Bundesliga,20,18,3,238,178,74.79,3,14,0,0.0,2,15,1
Joseph Hodge,IRL,MF,Wolves,Premier League,20,5,0,86,68,79.07,0,1,0,0.0,2,1,1
Emil Holm,SWE,DF,Spezia,Serie A,22,20,1,573,342,59.69,1,50,5,10.0,15,66,0
Noah Holm,NOR,FWMF,Reims,Ligue 1,21,8,0,43,27,62.79,0,0,0,,4,4,1
Ilyes Housni,FRA,FW,Paris S-G,Ligue 1,17,1,0,4,4,100.0,0,0,0,,1,0,1
Petko Hristov,BUL,DF,Spezia,Serie A,23,9,0,205,158,77.07,0,1,1,100.0,4,10,1
Callum Hudson-Odoi,ENG,FWMF,Leverkusen,Bundesliga,22,12,0,228,191,83.77,1,11,1,9.09,3,0,1
Denis Huseinbasic,GER,MFFW,Köln,Bundesliga,21,12,3,186,145,77.96,1,6,0,0.0,7,6,1
Omari Hutchinson,ENG,FW,Chelsea,Premier League,19,1,0,10,7,70.0,0,2,0,0.0,0,0,1
Rasmus Højlund,DEN,FW,Atalanta,Serie A,20,18,5,229,171,74.67,1,2,0,0.0,2,18,1
Arijon Ibrahimovi?,GER,MF,Bayern Munich,Bundesliga,17,1,0,6,5,83.33,0,0,0,,1,2,1
Ivan Ili?,SRB,MF,Hellas Verona,Serie A,21,11,0,399,278,69.67,1,47,1,2.13,10,10,1
Rareþ Ilie,ROU,MFFW,Nice,Ligue 1,19,4,0,62,48,77.42,0,1,0,0.0,3,2,1
Samuel Iling-Junior,ENG,DFMF,Juventus,Serie A,19,6,0,33,27,81.82,1,2,1,50.0,1,1,1
Emirhan Ýlkhan,TUR,MF,Torino,Serie A,18,4,0,42,35,83.33,0,0,0,,1,1,1
Alexander Isak,SWE,FW,Newcastle Utd,Premier League,23,6,3,68,49,72.06,0,0,0,,2,7,1
Alexander Isak,SWE,FW,Real Sociedad,La Liga,23,2,1,30,17,56.67,0,2,0,0.0,1,0,1
Hiroki Ito,JPN,DF,Stuttgart,Bundesliga,23,18,0,1206,983,81.51,1,32,1,3.12,17,20,0
Nicolas Jackson,SEN,FW,Villarreal,La Liga,21,14,2,145,104,71.72,2,4,0,0.0,6,5,1
Jan Jakob Olschowsky,GER,GK,M'Gladbach,Bundesliga,21,2,0,91,70,76.92,0,0,0,,0,0,1
Ismail Jakobs,SEN,DFMF,Monaco,Ligue 1,23,19,0,383,263,68.67,2,31,7,22.58,2,16,1
Reece James,ENG,DFMF,Chelsea,Premier League,23,10,1,660,567,85.91,1,48,2,4.17,11,13,0
Dany Jean,HAI,DF,Strasbourg,Ligue 1,20,1,0,5,2,40.0,0,0,0,,0,0,1
Moritz Jenz,GER,DF,Schalke 04,Bundesliga,23,3,0,138,105,76.09,0,0,0,,4,11,1
?órir Jóhann Helgason,ISL,MF,Lecce,Serie A,22,7,0,48,35,72.92,0,9,0,0.0,1,0,1
Ben Johnson,ENG,DF,West Ham,Premier League,23,10,0,337,246,73.0,0,11,3,27.27,9,10,1
Brennan Johnson,WAL,FW,Nott'ham Forest,Premier League,21,22,5,317,174,54.89,2,40,3,7.5,14,13,1
Paul Joly,FRA,DF,Auxerre,Ligue 1,22,10,0,654,515,78.75,0,36,8,22.22,21,6,0
Curtis Jones,ENG,MFFW,Liverpool,Premier League,22,6,0,138,118,85.51,0,3,0,0.0,2,0,1
Filip Jörgensen,DEN,GK,Villarreal,La Liga,20,1,0,35,29,82.86,0,0,0,,0,0,1
Hamed Junior Traorè,CIV,FW,Bournemouth,Premier League,22,2,0,56,34,60.71,0,15,2,13.33,3,0,1
Hamed Junior Traorè,CIV,MFFW,Sassuolo,Serie A,22,11,0,244,183,75.0,3,26,3,11.54,6,3,1
Vinicius Júnior,BRA,FW,Real Madrid,La Liga,22,20,7,697,540,77.47,3,38,2,5.26,17,0,0
Ozan Kabak,TUR,DF,Hoffenheim,Bundesliga,22,18,2,946,799,84.46,2,5,0,0.0,19,61,0
Issa Kaboré,BFA,DF,Marseille,Ligue 1,21,11,1,312,236,75.64,0,28,3,10.71,12,1,1
Kaiky,BRA,DF,Almería,La Liga,19,8,0,172,139,80.81,0,1,0,0.0,5,5,1
Arnaud Kalimuendo,FRA,FW,Rennes,Ligue 1,21,15,4,230,181,78.7,1,11,0,0.0,3,9,1
Yayah Kallon,SLE,MFFW,Hellas Verona,Serie A,21,16,1,178,114,64.04,1,25,4,16.0,6,7,1
Felix Kalu Nmecha,GER,MF,Wolfsburg,Bundesliga,22,16,2,289,209,72.32,3,4,1,25.0,10,23,1
Pierre Kalulu,FRA,DF,Milan,Serie A,22,22,1,1137,989,86.98,0,11,1,9.09,22,19,0
Waren Kamanzi,NOR,DF,Toulouse,Ligue 1,22,3,0,42,34,80.95,0,0,0,,0,0,1
Boubacar Kamara,FRA,MF,Aston Villa,Premier League,23,15,0,716,601,83.94,1,0,0,,18,19,0
Jakub Kami?ski,POL,FWMF,Wolfsburg,Bundesliga,20,18,1,324,234,72.22,2,20,3,15.0,14,7,1
Nordine Kandil,FRA,MFFW,Strasbourg,Ligue 1,21,4,0,27,19,70.37,0,1,0,0.0,2,3,1
Lee Kangin,KOR,MFFW,Mallorca,La Liga,21,20,2,541,373,68.95,3,98,6,6.12,13,4,0
Jon Karrikaburu,ESP,FW,Real Sociedad,La Liga,20,6,0,19,11,57.89,0,1,0,0.0,0,4,1
Denso Kasius,NED,DF,Bologna,Serie A,20,7,0,192,143,74.48,2,12,6,50.0,6,1,1
Thomas Kastanaras,GRE,FWDF,Stuttgart,Bundesliga,20,4,0,17,14,82.35,0,1,1,100.0,0,0,1
Moise Kean,ITA,FW,Juventus,Serie A,22,19,4,133,97,72.93,0,3,1,33.33,6,4,1
Kévin Keben Biakolo,CMR,DF,Toulouse,Ligue 1,19,10,0,119,95,79.83,0,5,0,0.0,2,2,1
Check Keita,FRA,DF,Reims,Ligue 1,19,2,0,48,41,85.42,0,0,0,,2,2,1
Yannik Keitel,GER,MF,Freiburg,Bundesliga,22,14,0,184,148,80.43,2,3,0,0.0,4,6,1
Anthony Khelifa,FRA,DF,Ajaccio,Ligue 1,17,1,0,12,11,91.67,0,0,0,,0,0,1
Luca Kilian,GER,DF,Köln,Bundesliga,23,13,1,672,577,85.86,0,0,0,,16,22,0
Jakub Kiwior,POL,DF,Spezia,Serie A,22,17,0,776,654,84.28,0,14,0,0.0,17,22,0
Justin Kluivert,NED,FWMF,Valencia,La Liga,23,15,3,223,157,70.4,0,29,3,10.34,10,5,1
Ansgar Knauff,GER,DF,Eint Frankfurt,Bundesliga,21,14,1,425,270,63.53,0,14,3,21.43,13,4,1
Luca Koleosho,CAN,FWDF,Espanyol,La Liga,18,2,0,11,6,54.55,0,1,0,0.0,0,0,1
Ibrahima Konaté,FRA,DF,Liverpool,Premier League,23,5,0,272,233,85.66,0,0,0,,7,12,1
Ibrahima Koné,MLI,FW,Lorient,Ligue 1,23,21,3,147,91,61.9,1,1,0,0.0,3,34,1
Kouadio Koné,FRA,MF,M'Gladbach,Bundesliga,21,18,1,820,693,84.51,1,3,0,0.0,22,11,0
Odilon Kossonou,CIV,DF,Leverkusen,Bundesliga,22,14,0,428,358,83.64,1,3,1,33.33,6,13,0
Soichiro Kozuki,JPN,FWMF,Schalke 04,Bundesliga,22,5,1,85,52,61.18,0,15,2,13.33,4,3,1
Tom Krauß,GER,MF,Schalke 04,Bundesliga,21,20,1,524,380,72.52,0,9,0,0.0,48,16,0
Raimonds Krollis,LVA,FW,Spezia,Serie A,21,1,0,2,1,50.0,0,0,0,,1,0,1
Takefusa Kubo,JPN,FWMF,Real Sociedad,La Liga,21,17,3,433,315,72.75,2,31,2,6.45,13,11,1
Dejan Kulusevski,SWE,MFFW,Tottenham,Premier League,22,15,2,420,321,76.43,5,26,6,23.08,6,3,1
Sael Kumbedi,FRA,DF,Lyon,Ligue 1,17,7,0,229,189,82.53,0,12,1,8.33,9,3,1
Marash Kumbulla,ALB,DF,Roma,Serie A,23,4,0,80,75,93.75,0,0,0,,1,3,1
Alou Kuol,AUS,FW,Stuttgart,Bundesliga,22,1,0,1,1,100.0,0,0,0,,0,0,1
Khvicha Kvaratskhelia,GEO,FW,Napoli,Serie A,22,17,8,446,346,77.58,9,26,4,15.38,10,2,0
Rémy Labeau Lascary,GLP,FWMF,Lens,Ligue 1,19,5,0,19,16,84.21,0,2,0,0.0,2,1,1
Maxence Lacroix,FRA,DF,Wolfsburg,Bundesliga,22,15,1,672,577,85.86,0,1,0,0.0,5,34,0
Tariq Lamptey,GHA,DF,Brighton,Premier League,22,18,0,269,211,78.44,0,30,5,16.67,6,2,1
Juan Larios,ESP,DF,Southampton,Premier League,19,5,0,81,63,77.78,0,4,0,0.0,6,2,1
Yasser Larouci,ALG,DFFW,Troyes,Ligue 1,22,19,1,544,418,76.84,0,34,7,20.59,8,14,0
Latasa,ESP,FWDF,Getafe,La Liga,21,10,0,33,20,60.61,0,0,0,,1,15,1
Roméo Lavia,BEL,MF,Southampton,Premier League,19,13,1,376,325,86.44,0,1,0,0.0,12,4,1
Lázaro,BRA,MFFW,Almería,La Liga,20,9,1,98,76,77.55,0,7,1,14.29,0,0,1
Marko Lazeti?,SRB,FW,Milan,Serie A,19,1,0,1,1,100.0,0,0,0,,0,0,1
Théo Le Bris,FRA,MFDF,Lorient,Ligue 1,20,16,2,371,295,79.51,1,10,2,20.0,13,9,1
Enzo Le Fée,FRA,MF,Lorient,Ligue 1,23,22,4,1298,1033,79.58,5,96,4,4.17,46,9,0
Rafael Leão,POR,FWMF,Milan,Serie A,23,21,8,478,347,72.59,5,36,9,25.0,1,20,0
Paolo Lebas,POR,MF,Ajaccio,Ligue 1,19,1,0,16,12,75.0,0,0,0,,0,0,1
Félix Lemaréchal,CIV,MF,Brest,Ligue 1,19,1,0,0,0,,0,0,0,,0,0,1
Dexter Lembikisa,JAM,DF,Wolves,Premier League,19,1,0,11,9,81.82,0,1,0,0.0,0,0,1
Tim Lemperle,GER,FW,Köln,Bundesliga,21,6,0,35,20,57.14,0,1,0,0.0,3,0,1
Johann Lepenant,FRA,MF,Lyon,Ligue 1,20,17,1,850,753,88.59,1,6,1,16.67,22,14,0
Léo Leroy,FRA,MF,Montpellier,Ligue 1,22,16,0,325,241,74.15,0,7,1,14.29,26,14,1
Jamie Leweling,GER,FW,Union Berlin,Bundesliga,21,9,1,25,17,68.0,1,4,1,25.0,3,1,1
Rico Lewis,ENG,DFMF,Manchester City,Premier League,18,9,0,348,320,91.95,0,4,3,75.0,7,0,1
Keane Lewis-Potter,ENG,FWMF,Brentford,Premier League,21,9,0,70,40,57.14,1,6,1,16.67,0,2,1
Matthijs de Ligt,NED,DF,Bayern Munich,Bundesliga,23,17,1,1076,987,91.73,0,1,1,100.0,8,43,0
Jesper Lindstrøm,DEN,MFFW,Eint Frankfurt,Bundesliga,22,18,7,361,225,62.33,2,34,1,2.94,8,6,1
Javier Llabrés,ESP,FW,Mallorca,La Liga,20,1,0,4,4,100.0,0,0,0,,0,0,1
Banzouzi Locko,FRA,DF,Reims,Ligue 1,20,15,0,468,361,77.14,0,13,3,23.08,16,12,0
Dion Lopy,SEN,MF,Reims,Ligue 1,21,17,0,338,283,83.73,0,4,0,0.0,10,9,1
Matteo Lovato,ITA,DF,Salernitana,Serie A,22,7,0,180,152,84.44,0,0,0,,7,9,1
Pol Lozano,ESP,MF,Espanyol,La Liga,23,4,0,8,5,62.5,0,1,0,0.0,0,1,1
Castello Lukeba,FRA,DF,Lyon,Ligue 1,20,19,1,1266,1133,89.49,0,1,0,0.0,8,21,0
Noni Madueke,ENG,FW,Chelsea,Premier League,20,2,0,59,47,79.66,0,4,0,0.0,2,0,1
Soungoutou Magassa,MLI,MF,Monaco,Ligue 1,19,1,0,28,23,82.14,0,0,0,,1,1,1
Jon Magunacelaya,ESP,MFFW,Real Sociedad,La Liga,22,2,0,17,8,47.06,0,2,0,0.0,0,0,1
Linton Maina,GER,FWMF,Köln,Bundesliga,23,18,2,311,212,68.17,5,33,6,18.18,8,1,1
Béni Makouana,CGO,FWMF,Montpellier,Ligue 1,20,8,0,38,15,39.47,0,6,0,0.0,0,3,1
Tyrell Malacia,NED,DF,Manchester Utd,Premier League,23,13,0,447,371,83.0,0,13,0,0.0,17,5,0
Lorenzo Malagrida,ITA,MF,Sampdoria,Serie A,19,1,0,2,2,100.0,0,0,0,,0,0,1
Daniel Maldini,ITA,FWMF,Spezia,Serie A,21,9,1,104,75,72.12,0,6,1,16.67,2,5,1
Giorgi Mamardashvili,GEO,GK,Valencia,La Liga,22,21,0,634,483,76.18,0,0,0,,0,3,0
Hianga Mananga Mbock,FRA,MF,Brest,Ligue 1,23,2,0,8,7,87.5,0,1,0,0.0,0,1,1
Myziane Maolida,FRA,FW,Reims,Ligue 1,23,1,0,12,5,41.67,0,1,0,0.0,0,0,1
Myziane Maolida,FRA,FWMF,Hertha BSC,Bundesliga,23,3,0,14,8,57.14,0,1,0,0.0,1,0,1
Sekou Mara,FRA,FWMF,Southampton,Premier League,20,14,0,57,40,70.18,1,0,0,,6,15,1
Pablo Marín,ESP,MFFW,Real Sociedad,La Liga,19,7,0,148,113,76.35,0,3,0,0.0,5,4,1
Marquinhos,BRA,MF,Arsenal,Premier League,19,1,0,0,0,,0,0,0,,0,0,1
Eric Martel,GER,MF,Köln,Bundesliga,20,16,0,456,358,78.51,0,10,2,20.0,20,29,0
Ander Martin,ESP,MFFW,Real Sociedad,La Liga,22,3,0,22,11,50.0,0,4,0,0.0,2,1,1
Andrés Martín,ESP,FW,Rayo Vallecano,La Liga,23,4,0,50,21,42.0,0,11,2,18.18,2,2,1
Iván Martín,ESP,MFFW,Girona,La Liga,23,9,2,221,179,81.0,0,3,1,33.33,2,5,1
Martinelli,BRA,FW,Arsenal,Premier League,21,21,7,704,514,73.01,2,87,3,3.45,10,9,0
Arnau Martinez,ESP,DF,Girona,La Liga,19,17,2,785,632,80.51,1,32,10,31.25,19,17,0
Roger Martínez,ESP,DF,Espanyol,La Liga,18,1,0,4,4,100.0,0,0,0,,0,0,1
Han-Noah Massengo,FRA,MFDF,Auxerre,Ligue 1,21,2,0,41,32,78.05,0,0,0,,2,0,1
Yanis Massolin,FRA,MF,Clermont Foot,Ligue 1,20,4,0,39,31,79.49,0,0,0,,1,2,1
Pape Matar Sarr,SEN,MF,Tottenham,Premier League,20,4,0,98,91,92.86,0,0,0,,5,1,1
Eliot Matazo,BEL,MFFW,Monaco,Ligue 1,20,11,0,214,177,82.71,0,0,0,,2,3,1
Henning Matriciani,GER,DF,Schalke 04,Bundesliga,22,10,0,435,335,77.01,0,3,1,33.33,11,17,0
Chrislain Matsima,FRA,DFMF,Lorient,Ligue 1,20,6,0,128,109,85.16,0,0,0,,0,3,1
Aïman Maurer,MAR,MF,Clermont Foot,Ligue 1,18,2,0,40,33,82.5,0,2,0,0.0,1,1,1
Christian Mawissa,FRA,DF,Toulouse,Ligue 1,17,2,0,47,41,87.23,0,1,0,0.0,0,1,1
Bryan Mbeumo,CMR,FW,Brentford,Premier League,23,22,5,503,335,66.6,2,73,8,10.96,6,17,0
Jason Mbock,FRA,MFFW,Angers,Ligue 1,23,2,0,9,6,66.67,0,4,0,0.0,0,0,1
Nathanael Mbuku,FRA,FWMF,Reims,Ligue 1,20,6,0,28,23,82.14,0,2,0,0.0,1,0,1
Dwight McNeil,ENG,FWDF,Everton,Premier League,23,19,2,400,289,72.25,2,69,5,7.25,20,4,1
Facundo Medina,ARG,DF,Lens,Ligue 1,23,20,1,1600,1441,90.06,2,16,6,37.5,13,18,0
Bamo Meïté,CIV,DF,Lorient,Ligue 1,21,3,0,128,116,90.62,0,0,0,,0,7,1
Nuno Mendes,POR,DFMF,Paris S-G,Ligue 1,20,14,1,505,427,84.55,4,13,2,15.38,18,6,0
Diego Méndez,ESP,MF,Rayo Vallecano,La Liga,19,1,0,0,0,,0,0,0,,0,0,1
Antoine Mendy,FRA,DF,Nice,Ligue 1,18,6,0,119,99,83.19,1,1,0,0.0,5,4,1
Batista Mendy,FRA,MFDF,Angers,Ligue 1,23,20,0,809,692,85.54,0,5,2,40.0,17,19,0
Quentin Merlin,FRA,DF,Nantes,Ligue 1,20,16,0,900,677,75.22,1,85,11,12.94,13,11,0
Illan Meslier,FRA,GK,Leeds United,Premier League,22,21,0,636,382,60.06,0,0,0,,0,6,0
Alexander Mighten,ENG,FW,Nott'ham Forest,Premier League,20,1,0,1,1,100.0,0,0,0,,0,0,1
Tommaso Milanese,ITA,MF,Cremonese,Serie A,20,2,0,14,10,71.43,0,2,0,0.0,0,0,1
Enzo Millot,FRA,MF,Stuttgart,Bundesliga,20,11,0,150,119,79.33,0,9,0,0.0,7,2,1
Marko Milovanovi?,SRB,FW,Almería,La Liga,19,2,0,8,3,37.5,0,0,0,,0,4,1
Óscar Mingueza,ESP,DF,Celta Vigo,La Liga,23,16,0,675,539,79.85,0,21,3,14.29,15,4,0
Juan Miranda,ESP,DF,Betis,La Liga,23,5,0,158,110,69.62,0,11,1,9.09,5,2,1
Fabio Miretti,ITA,MFFW,Juventus,Serie A,19,18,0,369,262,71.0,1,17,1,5.88,7,4,1
Tyrick Mitchell,ENG,DF,Crystal Palace,Premier League,23,20,0,808,573,70.92,2,29,5,17.24,20,14,0
Terem Moffi,NGA,FW,Nice,Ligue 1,23,2,0,24,18,75.0,0,1,1,100.0,0,2,1
Terem Moffi,NGA,FW,Lorient,Ligue 1,23,18,12,208,154,74.04,0,3,0,0.0,5,13,1
Clinton Mola,ENG,DF,Stuttgart,Bundesliga,21,1,0,5,2,40.0,0,1,0,0.0,1,1,1
Monchu,ESP,MF,Valladolid,La Liga,23,17,1,531,412,77.59,1,43,2,4.65,16,7,0
Daniele Montevago,ITA,FW,Sampdoria,Serie A,19,6,0,40,23,57.5,0,1,0,0.0,0,14,1
Andrew Moran,IRL,FW,Brighton,Premier League,19,1,0,3,1,33.33,0,0,0,,0,0,1
Diego Moreno,ESP,DF,Osasuna,La Liga,21,5,0,229,151,65.94,0,16,1,6.25,4,4,1
Ilaix Moriba,GUI,MF,Valencia,La Liga,20,13,0,267,222,83.15,1,1,1,100.0,10,11,1
Cristhian Mosquera,COL,DF,Valencia,La Liga,18,3,0,65,53,81.54,0,1,0,0.0,2,3,1
Youssoufa Moukoko,GER,FW,Dortmund,Bundesliga,18,18,6,163,116,71.17,3,3,0,0.0,6,5,1
Divin Mubama,ENG,FW,West Ham,Premier League,18,1,0,0,0,,0,0,0,,0,0,1
Mykhailo Mudryk,UKR,FW,Chelsea,Premier League,22,3,0,51,41,80.39,0,1,0,0.0,6,1,1
Mert Müldür,TUR,DF,Sassuolo,Serie A,23,1,0,1,1,100.0,0,0,0,,0,0,1
Pablo Muñoz,ESP,MF,Rayo Vallecano,La Liga,19,2,0,3,3,100.0,0,0,0,,0,0,1
Yunus Musah,USA,MF,Valencia,La Liga,20,18,0,566,459,81.1,2,20,2,10.0,24,13,0
Jamal Musiala,GER,MFFW,Bayern Munich,Bundesliga,19,19,10,615,508,82.6,7,5,0,0.0,15,9,0
Suliman Mustapha,AUT,FWMF,Mainz 05,Bundesliga,21,5,0,18,9,50.0,0,0,0,,2,1,1
Vitaliy Mykolenko,UKR,DFMF,Everton,Premier League,23,21,0,903,687,76.08,0,35,8,22.86,17,14,0
Obite N'Dicka,FRA,DF,Eint Frankfurt,Bundesliga,23,19,0,1055,902,85.5,0,1,0,0.0,11,48,0
Nathan N'Goumou,FRA,FW,Toulouse,Ligue 1,22,1,0,30,25,83.33,0,1,1,100.0,2,1,1
Nathan N'Goumou,FRA,FW,M'Gladbach,Bundesliga,22,10,0,100,75,75.0,0,9,2,22.22,3,5,1
Stanley N'Soki,FRA,DF,Hoffenheim,Bundesliga,23,14,1,684,561,82.02,0,0,0,,11,18,0
Nikolas Nartey,DEN,DFMF,Stuttgart,Bundesliga,22,6,0,206,165,80.1,0,6,1,16.67,4,6,1
Roberto Navarro,ESP,MFFW,Real Sociedad,La Liga,20,14,0,121,87,71.9,0,13,0,0.0,3,5,1
Michel Ndary Adopo,FRA,MFDF,Torino,Serie A,22,7,0,131,113,86.26,0,0,0,,2,8,1
Papa Ndiaga Yade,SEN,DFMF,Troyes,Ligue 1,23,8,0,178,128,71.91,1,18,4,22.22,4,4,1
Reiss Nelson,ENG,FW,Arsenal,Premier League,23,2,2,40,36,90.0,1,1,1,100.0,0,0,1
Pedro Neto,POR,FWMF,Wolves,Premier League,22,8,0,238,176,73.95,0,45,3,6.67,6,0,1
Luca Netz,GER,DFFW,M'Gladbach,Bundesliga,19,8,0,58,42,72.41,1,1,0,0.0,4,1,1
Jessic Ngankam,GER,MFFW,Hertha BSC,Bundesliga,22,4,0,17,8,47.06,0,0,0,,1,2,1
Cyril Ngonge,BEL,FWMF,Hellas Verona,Serie A,22,2,1,22,14,63.64,0,2,2,100.0,1,5,1
Ibrahima Niane,SEN,FW,Angers,Ligue 1,23,1,0,13,10,76.92,0,0,0,,0,4,1
Tanguy Nianzou,FRA,DF,Sevilla,La Liga,20,13,1,519,461,88.82,0,0,0,,9,17,0
Hans Nicolussi Caviglia,ITA,MF,Salernitana,Serie A,22,5,1,156,122,78.21,0,2,0,0.0,4,1,1
Fernando Niño,ESP,MF,Villarreal,La Liga,22,1,0,4,4,100.0,0,0,0,,0,0,1
Justin Njinmah,GER,FW,Dortmund,Bundesliga,22,1,0,2,0,0.0,0,0,0,,0,0,1
Eddie Nketiah,ENG,FW,Arsenal,Premier League,23,19,4,198,161,81.31,0,4,0,0.0,8,7,1
Diego Noguerol,ESP,FWDF,Valencia,La Liga,20,1,0,3,3,100.0,0,0,0,,0,0,1
Hugo Novoa,ESP,DFFW,RB Leipzig,Bundesliga,20,7,1,110,79,71.82,0,10,0,0.0,2,3,1
Darwin Núñez,URU,FW,Liverpool,Premier League,23,15,5,210,135,64.29,2,12,1,8.33,3,25,1
Ethan Nwaneri,ENG,FW,Arsenal,Premier League,15,1,0,0,0,,0,0,0,,0,0,1
Brian Ocampo,URU,MFFW,Cádiz,La Liga,23,17,1,344,255,74.13,1,33,6,18.18,15,7,1
Wilson Odobert,FRA,MFFW,Troyes,Ligue 1,18,20,3,251,190,75.7,2,13,3,23.08,9,5,1
Tim Oermann,GER,DF,Bochum,Bundesliga,19,4,0,50,38,76.0,0,0,0,,1,4,1
Caleb Okoli,ITA,DF,Atalanta,Serie A,21,13,0,387,297,76.74,0,1,0,0.0,17,40,1
Olasagasti,ESP,MFDF,Real Sociedad,La Liga,22,3,0,50,40,80.0,0,0,0,,4,2,1
Finn Ole Becker,GER,MF,Hoffenheim,Bundesliga,22,2,0,7,6,85.71,0,0,0,,0,0,1
Mathias Olesen,LUX,MF,Köln,Bundesliga,21,7,0,58,44,75.86,0,1,0,0.0,2,1,1
Michael Olise,FRA,MFFW,Crystal Palace,Premier League,21,21,2,739,519,70.23,4,111,6,5.41,17,6,0
Lucas Oliveira Rosa,BRA,DF,Valladolid,La Liga,22,10,0,246,178,72.36,0,14,1,7.14,9,8,1
Warmed Omari,FRA,DF,Rennes,Ligue 1,22,2,0,162,151,93.21,0,0,0,,0,9,1
Amadou Onana,BEL,MF,Everton,Premier League,21,19,1,629,530,84.26,1,3,0,0.0,33,33,0
Jean Onana,CMR,MF,Lens,Ligue 1,23,11,0,192,166,86.46,0,2,1,50.0,8,3,1
Loïs Openda,BEL,FW,Lens,Ligue 1,22,22,9,256,176,68.75,1,16,1,6.25,4,6,1
Aimar Oroz,ESP,MFFW,Osasuna,La Liga,21,16,3,373,286,76.68,1,4,0,0.0,6,9,1
Pedro Ortiz,ESP,MF,Sevilla,La Liga,22,1,0,0,0,,0,0,0,,0,0,1
Patrick Osterhage,GER,MFFW,Bochum,Bundesliga,23,13,0,140,92,65.71,0,4,0,0.0,6,5,1
Dango Ouattara,BFA,MF,Bournemouth,Premier League,21,3,0,67,46,68.66,2,10,3,30.0,3,9,1
Dango Ouattara,BFA,FWMF,Lorient,Ligue 1,21,18,6,444,267,60.14,5,33,2,6.06,26,37,1
Zinédine Ould Khaled,FRA,MFFW,Angers,Ligue 1,23,2,0,27,26,96.3,0,0,0,,0,1,1
Azzedine Ounahi,MAR,MF,Marseille,Ligue 1,22,3,1,38,35,92.11,0,0,0,,0,0,1
Azzedine Ounahi,MAR,MFFW,Angers,Ligue 1,22,15,0,632,544,86.08,0,17,1,5.88,8,5,0
Cenk Özkacar,TUR,DF,Valencia,La Liga,22,6,0,362,307,84.81,0,0,0,,7,22,1
David Ozoh,,FW,Crystal Palace,Premier League,17,1,0,0,0,,0,0,0,,0,0,1
Jon Pacheco,ESP,DF,Real Sociedad,La Liga,22,9,0,502,456,90.84,0,0,0,,7,13,0
Simone Pafundi,ITA,MF,Udinese,Serie A,16,1,0,3,3,100.0,0,0,0,,1,0,1
Ante Palaversa,CRO,MF,Troyes,Ligue 1,22,1,1,8,7,87.5,0,1,0,0.0,1,0,1
Cole Palmer,ENG,FWMF,Manchester City,Premier League,20,9,0,73,63,86.3,0,4,1,25.0,1,1,1
Flavio Paoletti,ITA,MF,Sampdoria,Serie A,20,4,0,47,38,80.85,0,1,0,0.0,2,0,1
Antonios Papadopoulos,GER,DF,Dortmund,Bundesliga,23,1,0,27,25,92.59,0,0,0,,0,1,1
Aitor Paredes,ESP,DF,Athletic Club,La Liga,22,6,0,57,48,84.21,0,0,0,,1,0,1
Kevin Paredes,USA,MFFW,Wolfsburg,Bundesliga,19,12,1,105,78,74.29,1,8,2,25.0,6,2,1
Fabiano Parisi,ITA,DF,Empoli,Serie A,22,20,2,943,714,75.72,0,33,9,27.27,21,12,0
Moises Parra Gutierrez,ESP,FW,Getafe,La Liga,20,1,0,3,3,100.0,0,0,0,,0,0,1
Raúl Parra,ESP,DFMF,Cádiz,La Liga,23,2,0,9,4,44.44,0,0,0,,0,0,1
Marco Paali?,CRO,MF,Dortmund,Bundesliga,22,1,0,9,7,77.78,0,1,0,0.0,0,0,1
Nathan Patterson,SCO,DFMF,Everton,Premier League,21,13,0,516,395,76.55,0,29,2,6.9,17,7,0
Paulinho,BRA,FW,Leverkusen,Bundesliga,22,4,1,28,23,82.14,0,0,0,,0,1,1
Pedri,ESP,MFFW,Barcelona,La Liga,20,20,5,1125,987,87.73,0,18,0,0.0,19,1,0
Pietro Pellegri,ITA,FW,Torino,Serie A,21,11,1,58,42,72.41,0,3,0,0.0,1,8,1
Luca Pellegrini,ITA,DF,Eint Frankfurt,Bundesliga,23,9,0,430,291,67.67,0,54,2,3.7,8,5,1
Facundo Pellistri,URU,FW,Manchester Utd,Premier League,21,1,0,7,7,100.0,0,0,0,,0,0,1
Timothee Pembele,FRA,DF,Paris S-G,Ligue 1,20,1,0,34,28,82.35,0,0,0,,2,0,1
Ricardo Pepi,USA,FW,Augsburg,Bundesliga,20,4,0,26,17,65.38,0,0,0,,1,3,1
Juan Perea,COL,FW,Stuttgart,Bundesliga,22,12,0,53,34,64.15,0,7,1,14.29,3,3,1
Brayann Pereira,FRA,DF,Auxerre,Ligue 1,19,2,0,79,56,70.89,0,9,0,0.0,5,3,1
Francisco Perez,ESP,FWDF,Valencia,La Liga,20,4,0,24,19,79.17,0,3,0,0.0,0,0,1
Nehuén Pérez,ARG,DF,Udinese,Serie A,22,19,1,1050,893,85.05,0,15,3,20.0,20,19,0
Lukas Petkov,GER,MFFW,Augsburg,Bundesliga,22,7,0,35,18,51.43,0,0,0,,1,5,1
Roberto Piccoli,ITA,FW,Hellas Verona,Serie A,22,7,0,25,13,52.0,0,3,0,0.0,0,3,1
Roberto Piccoli,ITA,MFFW,Empoli,Serie A,22,2,0,7,6,85.71,0,0,0,,0,0,1
Andrea Pinamonti,ITA,FW,Sassuolo,Serie A,23,17,3,294,187,63.61,0,7,2,28.57,4,21,1
Yeremi Pino,ESP,MFFW,Villarreal,La Liga,20,19,2,372,270,72.58,1,16,2,12.5,21,12,1
Lorenzo Pirola,ITA,DF,Salernitana,Serie A,20,9,0,262,205,78.24,0,1,0,0.0,12,10,1
Gonzalo Plata,ECU,FWMF,Valladolid,La Liga,22,16,0,323,250,77.4,2,14,1,7.14,17,4,1
Tommaso Pobega,ITA,MF,Milan,Serie A,23,13,1,223,168,75.34,0,2,1,50.0,7,9,1
Julien Ponceau,FRA,MF,Lorient,Ligue 1,22,19,0,532,436,81.95,4,8,0,0.0,13,3,0
?ukasz Por?ba,POL,MF,Lens,Ligue 1,22,7,0,133,110,82.71,1,6,2,33.33,4,2,1
Jackson Porozo,ECU,DF,Troyes,Ligue 1,22,15,2,483,394,81.57,0,3,0,0.0,11,39,0
Pedro Porro,ESP,DF,Tottenham,Premier League,23,1,0,32,25,78.12,0,2,1,50.0,0,1,1
Alejandro Pozo Pozo,ESP,DF,Almería,La Liga,23,17,0,668,487,72.9,1,44,8,18.18,8,5,0
Isaac Price,NIR,MF,Everton,Premier League,19,1,0,13,11,84.62,0,1,0,0.0,0,0,1
Mehdi Puch Herrantz,FRA,MF,Ajaccio,Ligue 1,19,1,0,6,4,66.67,0,0,0,,1,0,1
Arnau Puigmal,ESP,MFDF,Almería,La Liga,22,11,0,128,92,71.88,0,8,0,0.0,1,1,1
Niklas Pyyhtiä,FIN,MF,Bologna,Serie A,19,3,0,21,14,66.67,0,0,0,,0,0,1
Giacomo Quagliata,ITA,DF,Cremonese,Serie A,22,13,0,248,152,61.29,0,40,6,15.0,7,2,1
Joshua Quarshie,GER,MF,Hoffenheim,Bundesliga,18,1,0,0,0,,0,0,0,,0,0,1
Ghjuvanni Quilichini,FRA,GK,Ajaccio,Ligue 1,20,1,0,34,14,41.18,0,0,0,,0,0,1
Domingos Quina,POR,MF,Elche,La Liga,23,10,0,145,120,82.76,0,6,1,16.67,2,0,1
Diant Ramaj,GER,GK,Eint Frankfurt,Bundesliga,21,1,0,25,21,84.0,0,0,0,,0,1,1
Largie Ramazani,BEL,FWMF,Almería,La Liga,21,19,2,237,160,67.51,0,15,0,0.0,7,2,1
Jacob Ramsey,ENG,MF,Aston Villa,Premier League,21,18,2,503,416,82.7,2,8,0,0.0,25,9,0
Luca Ranieri,ITA,DF,Fiorentina,Serie A,23,2,0,99,79,79.8,0,0,0,,2,4,1
Filippo Ranocchia,ITA,MF,Monza,Serie A,21,11,1,212,167,78.77,0,13,1,7.69,6,1,1
Lilian Raolisoa,FRA,MFDF,Angers,Ligue 1,22,2,0,39,34,87.18,0,2,1,50.0,1,0,1
Giacomo Raspadori,ITA,FWMF,Napoli,Serie A,22,14,1,292,222,76.03,0,13,0,0.0,7,1,1
Giacomo Raspadori,ITA,FW,Sassuolo,Serie A,22,1,0,12,10,83.33,0,1,0,0.0,0,0,1
Reinier,BRA,MFFW,Girona,La Liga,21,7,1,115,93,80.87,0,0,0,,4,1,1
Rocco Reitz,GER,MF,M'Gladbach,Bundesliga,20,1,0,0,0,,0,0,0,,0,0,1
Alejandro Revuelta Montero,ESP,DF,Getafe,La Liga,22,1,0,0,0,,0,0,0,,0,0,1
Gio Reyna,USA,FWMF,Dortmund,Bundesliga,20,14,5,225,174,77.33,0,13,2,15.38,4,5,1
Chadi Riad,ESP,MF,Barcelona,La Liga,19,1,0,0,0,,0,0,0,,0,0,1
Nico Ribaudo,ESP,FWMF,Espanyol,La Liga,21,14,0,122,94,77.05,0,5,0,0.0,5,5,1
Alexsandro Ribeiro,BRA,DF,Lille,Ligue 1,23,8,1,328,297,90.55,0,1,0,0.0,7,4,1
Samuele Ricci,ITA,MF,Torino,Serie A,21,15,1,700,621,88.71,1,9,1,11.11,7,5,0
Chris Richards,USA,DF,Crystal Palace,Premier League,22,7,0,136,112,82.35,0,0,0,,5,9,1
Rodrigo Riquelme,ESP,MFFW,Girona,La Liga,22,20,3,393,275,69.97,1,34,4,11.76,1,5,1
Joel Roca,ESP,MFFW,Girona,La Liga,17,4,0,33,24,72.73,0,0,0,,2,0,1
Rodrigo,ESP,FWMF,Betis,La Liga,22,16,2,454,387,85.24,1,22,2,9.09,7,0,0
Pablo Rodríguez,ESP,FWMF,Lecce,Serie A,21,4,0,21,14,66.67,0,4,0,0.0,1,0,1
Rodrygo,BRA,FW,Real Madrid,La Liga,22,18,4,484,419,86.57,5,12,2,16.67,6,10,0
Mads Roerslev,DEN,DF,Brentford,Premier League,23,14,0,253,163,64.43,0,18,4,22.22,10,7,1
Iván Romero,ESP,MF,Sevilla,La Liga,21,1,0,4,1,25.0,0,0,0,,0,1,1
Luka Romero,ARG,FW,Lazio,Serie A,18,5,1,74,64,86.49,0,0,0,,0,2,1
Tom Rothe,GER,DF,Dortmund,Bundesliga,18,1,0,9,7,77.78,0,2,0,0.0,1,0,1
Anthony Rouault,FRA,DF,Toulouse,Ligue 1,21,22,2,1203,1041,86.53,1,0,0,,25,60,0
Nicolò Rovella,ITA,MF,Monza,Serie A,21,12,0,750,662,88.27,0,17,2,11.76,15,4,0
Nicolò Rovella,ITA,MF,Juventus,Serie A,21,3,0,25,22,88.0,0,3,0,0.0,1,0,1
Ruan,BRA,DF,Sassuolo,Serie A,23,8,0,257,218,84.82,0,0,0,,12,18,1
Rubén,ESP,DFMF,Espanyol,La Liga,22,9,0,128,87,67.97,1,18,0,0.0,7,7,1
Matteo Ruggeri,ITA,DFMF,Atalanta,Serie A,20,10,0,325,262,80.62,0,20,4,20.0,7,9,1
Kays Ruiz,MAR,MF,Auxerre,Ligue 1,20,1,0,29,26,89.66,0,0,0,,1,0,1
Georginio Rutter,FRA,FW,Leeds United,Premier League,20,2,0,8,3,37.5,0,0,0,,1,3,1
Georginio Rutter,FRA,FW,Hoffenheim,Bundesliga,20,15,2,158,95,60.13,2,11,0,0.0,4,9,1
Halid abanovi?,BIH,DFFW,Angers,Ligue 1,23,5,0,142,116,81.69,0,3,1,33.33,2,3,1
Alexis Saelemaekers,BEL,FWDF,Milan,Serie A,23,14,0,282,213,75.53,1,21,6,28.57,13,7,1
Bukayo Saka,ENG,FW,Arsenal,Premier League,21,21,7,790,608,76.96,8,90,9,10.0,15,6,0
Ibrahim Salah,BEL,MF,Rennes,Ligue 1,21,1,0,2,2,100.0,0,0,0,,0,0,1
Amine Salama,FRA,FWMF,Angers,Ligue 1,22,20,3,262,191,72.9,1,8,1,12.5,7,8,1
William Saliba,FRA,DF,Arsenal,Premier League,21,21,2,1350,1238,91.7,1,1,0,0.0,14,37,0
Dikeni Salifou,TOG,MF,Werder Bremen,Bundesliga,19,1,0,0,0,,0,0,0,,0,0,1
Mohammed Salisu,GHA,DF,Southampton,Premier League,23,21,0,1154,848,73.48,1,13,4,30.77,28,54,0
Lazar Samardzic,GER,MF,Udinese,Serie A,20,20,4,426,341,80.05,1,48,2,4.17,8,5,0
Albert Sambi Lokonga,BEL,MF,Arsenal,Premier League,23,6,0,140,132,94.29,0,0,0,,1,3,1
Albert Sambi Lokonga,BEL,MF,Crystal Palace,Premier League,23,2,0,42,35,83.33,0,0,0,,2,1,1
Samuel,BRA,FWMF,Valencia,La Liga,23,21,2,706,540,76.49,0,51,5,9.8,24,13,0
Leandro Sanca,POR,FWMF,Spezia,Serie A,23,4,0,11,8,72.73,0,2,0,0.0,1,0,1
Oihan Sancet,ESP,MF,Athletic Club,La Liga,22,21,8,541,448,82.81,0,6,0,0.0,8,13,0
Manuel Sánchez,ESP,DF,Osasuna,La Liga,22,15,0,424,336,79.25,1,35,7,20.0,17,7,0
Jadon Sancho,ENG,FW,Manchester Utd,Premier League,22,11,3,322,264,81.99,1,9,0,0.0,3,2,1
Sidi Sané,GER,FW,Schalke 04,Bundesliga,19,1,0,6,6,100.0,0,0,0,,1,0,1
Muhammed Saracevic Cham,AUT,MF,Clermont Foot,Ligue 1,22,23,4,628,493,78.5,2,45,1,2.22,10,3,0
Jeremy Sarmiento,ECU,MF,Brighton,Premier League,20,7,0,60,47,78.33,1,3,1,33.33,3,0,1
Amin Sarr,SWE,FWMF,Lyon,Ligue 1,21,2,0,8,5,62.5,0,0,0,,0,2,1
Martin Satriano,URU,FW,Empoli,Serie A,21,20,1,282,194,68.79,1,13,1,7.69,6,32,1
Joe Scally,USA,DF,M'Gladbach,Bundesliga,20,18,0,776,611,78.74,0,25,6,24.0,14,11,0
Giorgio Scalvini,ITA,DF,Atalanta,Serie A,19,18,2,773,614,79.43,0,6,2,33.33,19,21,0
Kevin Schade,GER,FWMF,Brentford,Premier League,21,3,0,9,5,55.56,0,0,0,,0,2,1
Kevin Schade,GER,FWMF,Freiburg,Bundesliga,21,8,1,56,26,46.43,0,3,0,0.0,4,17,1
András Schäfer,HUN,MF,Union Berlin,Bundesliga,23,13,0,225,164,72.89,0,7,1,14.29,8,9,1
Derry Scherhant,GER,FW,Hertha BSC,Bundesliga,20,5,0,23,16,69.57,0,2,0,0.0,2,0,1
Nico Schlotterbeck,GER,DF,Dortmund,Bundesliga,23,20,3,1457,1245,85.45,4,10,0,0.0,27,48,0
Romano Schmid,AUT,MF,Werder Bremen,Bundesliga,23,15,0,468,347,74.15,2,12,2,16.67,13,8,0
Perr Schuurs,NED,DF,Torino,Serie A,23,16,0,571,491,85.99,2,1,0,0.0,14,33,0
Demba Seck,SEN,FWMF,Torino,Serie A,22,10,0,110,81,73.64,0,5,0,0.0,2,2,1
Alidu Seidu,GHA,DF,Clermont Foot,Ligue 1,22,20,0,951,804,84.54,0,18,6,33.33,23,14,0
Vivaldo Semedo,POR,FW,Udinese,Serie A,18,1,0,0,0,,0,0,0,,0,0,1
Antoine Semenyo,GHA,FWMF,Bournemouth,Premier League,23,2,0,19,11,57.89,0,1,0,0.0,0,4,1
Marvin Senaya,TOG,DF,Strasbourg,Ligue 1,22,1,0,5,4,80.0,0,1,0,0.0,0,1,1
Ryan Sessegnon,ENG,DF,Tottenham,Premier League,22,17,2,391,281,71.87,0,30,3,10.0,11,10,1
Kiliann Sildillia,FRA,DFMF,Freiburg,Bundesliga,20,18,0,780,556,71.28,2,19,3,15.79,15,30,0
Abdallah Sima,SEN,FW,Angers,Ligue 1,21,18,2,183,131,71.58,0,9,1,11.11,5,29,1
Mohamed Simakan,FRA,DF,RB Leipzig,Bundesliga,22,12,1,675,563,83.41,1,4,1,25.0,8,16,0
Ellis Simms,ENG,FW,Everton,Premier League,22,2,0,4,3,75.0,0,0,0,,0,1,1
Eduardo Simões,POR,DF,Hoffenheim,Bundesliga,20,4,0,66,59,89.39,0,0,0,,3,1,1
Lassine Sinayoko,MLI,MFFW,Auxerre,Ligue 1,23,21,0,430,317,73.72,2,27,6,22.22,14,14,1
Wilfried Singo,CIV,DF,Torino,Serie A,22,16,0,622,466,74.92,1,25,4,16.0,10,25,0
Luis Sinisterra,COL,FW,Leeds United,Premier League,23,12,2,219,180,82.19,0,4,1,25.0,9,10,1
Hugo Siquet,BEL,DF,Freiburg,Bundesliga,20,2,0,7,5,71.43,0,0,0,,2,0,1
Oliver Skipp,ENG,MF,Tottenham,Premier League,22,8,0,100,78,78.0,0,8,1,12.5,2,1,1
Leo Skiri Østigård,NOR,DF,Napoli,Serie A,23,4,0,197,167,84.77,0,0,0,,0,19,1
Naatan Skyttä,FIN,MF,Toulouse,Ligue 1,20,2,0,9,6,66.67,0,0,0,,0,0,1
Emile Smith Rowe,ENG,MFFW,Arsenal,Premier League,22,5,0,21,18,85.71,0,2,0,0.0,1,0,1
Hrvoje Smol?i?,CRO,DF,Eint Frankfurt,Bundesliga,22,7,0,201,158,78.61,0,0,0,,6,19,1
Alex Sola,ESP,DF,Real Sociedad,La Liga,23,5,0,149,118,79.19,0,6,0,0.0,8,6,1
Nikola Soldo,CRO,DF,Köln,Bundesliga,22,6,0,287,220,76.66,0,1,0,0.0,6,7,1
Manor Solomon,ISR,FW,Fulham,Premier League,23,5,1,22,18,81.82,0,0,0,,1,2,1
Brandon Soppy,FRA,DF,Udinese,Serie A,20,1,0,32,22,68.75,0,1,0,0.0,1,1,1
Brandon Soppy,FRA,DF,Atalanta,Serie A,20,10,0,248,191,77.02,3,12,2,16.67,3,2,1
Joaquin Sosa,URU,DF,Bologna,Serie A,21,5,0,129,99,76.74,0,0,0,,1,5,1
Riccardo Sottil,ITA,FW,Fiorentina,Serie A,23,7,0,157,127,80.89,2,20,1,5.0,0,2,1
Matìas Soulé,ARG,MFDF,Juventus,Serie A,19,9,0,113,93,82.3,0,6,1,16.67,3,2,1
Moussa Soumano,FRA,MFFW,Ajaccio,Ligue 1,17,2,1,3,1,33.33,0,0,0,,0,0,1
Boubakary Soumaré,FRA,MF,Leicester City,Premier League,23,14,0,500,444,88.8,0,1,0,0.0,23,9,0
Vinicius Souza,BRA,MF,Espanyol,La Liga,23,18,0,557,450,80.79,0,3,1,33.33,43,42,0
Djed Spence,ENG,FWDF,Tottenham,Premier League,22,4,0,7,4,57.14,0,0,0,,0,1,1
Djed Spence,ENG,DF,Rennes,Ligue 1,22,1,0,40,33,82.5,0,1,0,0.0,0,1,1
Josip Stanii?,CRO,DF,Bayern Munich,Bundesliga,22,8,0,240,214,89.17,0,5,2,40.0,6,2,1
Jay Stansfield,ENG,FW,Fulham,Premier League,20,3,0,22,9,40.91,0,3,0,0.0,0,0,1
Angelo Stiller,GER,MF,Hoffenheim,Bundesliga,21,13,0,235,178,75.74,1,5,0,0.0,8,10,1
Jørgen Strand Larsen,NOR,FW,Celta Vigo,La Liga,23,16,2,197,133,67.51,3,0,0,,5,28,1
Dávid Strelec,SVK,FW,Spezia,Serie A,21,7,0,42,25,59.52,0,0,0,,2,5,1
Pascal Struijk,NED,DF,Leeds United,Premier League,23,20,2,1071,846,78.99,1,17,3,17.65,44,44,0
Ibrahim Sulemana,GHA,MF,Hellas Verona,Serie A,19,11,0,102,73,71.57,0,2,1,50.0,7,6,1
Kamaldeen Sulemana,GHA,FWMF,Southampton,Premier League,20,2,0,47,31,65.96,0,1,0,0.0,0,1,1
Kamaldeen Sulemana,GHA,FWMF,Rennes,Ligue 1,20,14,1,156,128,82.05,0,10,2,20.0,3,4,1
Crysencio Summerville,NED,FW,Leeds United,Premier League,21,14,4,225,168,74.67,1,9,2,22.22,11,3,1
Williot Swedberg,SWE,MF,Celta Vigo,La Liga,19,1,0,11,10,90.91,0,0,0,,0,0,1
Dominik Szoboszlai,HUN,MFFW,RB Leipzig,Bundesliga,22,18,3,834,664,79.62,8,59,2,3.39,17,4,0
Benjamin Tahirovic,SWE,MF,Roma,Serie A,19,5,0,65,57,87.69,0,3,1,33.33,2,2,1
Waniss Taibi,FRA,MF,Angers,Ligue 1,20,9,0,137,121,88.32,1,1,0,0.0,4,2,1
Japhet Tanganga,ENG,DF,Tottenham,Premier League,23,2,0,85,76,89.41,0,1,1,100.0,2,5,1
Niklas Tauer,GER,DFMF,Mainz 05,Bundesliga,21,3,0,58,52,89.66,0,1,1,100.0,1,2,1
Nuno Tavares,POR,DFMF,Marseille,Ligue 1,23,19,5,872,685,78.56,0,63,10,15.87,18,16,0
Marcus Tavernier,ENG,MFFW,Bournemouth,Premier League,23,16,2,511,350,68.49,4,77,3,3.9,16,13,0
Enzo Tchato,CMR,DF,Montpellier,Ligue 1,20,16,1,465,335,72.04,1,36,5,13.89,14,15,0
Aurélien Tchouaméni,FRA,MF,Real Madrid,La Liga,23,16,0,832,773,92.91,2,5,0,0.0,18,27,0
Mathys Tel,FRA,FW,Bayern Munich,Bundesliga,17,12,3,118,97,82.2,0,1,1,100.0,0,8,1
Semir Telalovic,GER,MF,M'Gladbach,Bundesliga,23,1,0,0,0,,0,0,0,,0,0,1
Filippo Terracciano,ITA,DFMF,Hellas Verona,Serie A,20,12,0,208,143,68.75,0,16,2,12.5,7,13,1
Ramón Terrats,ESP,MF,Girona,La Liga,22,8,0,94,76,80.85,0,2,0,0.0,2,0,1
Aleksa Terzi?,SRB,DF,Fiorentina,Serie A,23,11,0,304,253,83.22,0,30,11,36.67,4,2,1
Tetê,BRA,FW,Leicester City,Premier League,22,2,1,52,39,75.0,0,3,0,0.0,0,1,1
Tetê,BRA,FWMF,Lyon,Ligue 1,22,17,6,499,378,75.75,2,45,3,6.67,10,4,0
Arthur Theate,BEL,DF,Rennes,Ligue 1,22,22,2,1604,1444,90.02,0,0,0,,14,39,0
Malick Thiaw,GER,DF,Milan,Serie A,21,6,0,160,125,78.12,0,0,0,,6,14,1
Malick Thiaw,GER,DF,Schalke 04,Bundesliga,21,3,0,123,108,87.8,0,0,0,,1,10,1
Jan Thielmann,GER,FW,Köln,Bundesliga,20,12,1,139,88,63.31,1,15,1,6.67,7,6,1
Luke Thomas,ENG,DF,Leicester City,Premier League,21,10,0,455,362,79.56,0,6,1,16.67,11,8,0
Kristian Thorstvedt,NOR,MF,Sassuolo,Serie A,23,19,1,349,266,76.22,1,7,1,14.29,6,23,1
Khéphren Thuram-Ulie,FRA,MF,Nice,Ligue 1,21,23,1,879,750,85.32,3,12,1,8.33,17,10,0
Alexis Tibidi,FRA,FW,Troyes,Ligue 1,19,1,0,18,14,77.78,0,0,0,,0,2,1
Jean-Clair Todibo,FRA,DF,Nice,Ligue 1,23,21,0,1296,1137,87.73,0,3,0,0.0,28,21,0
Umut Tohumcu,GER,MF,Hoffenheim,Bundesliga,18,2,0,33,29,87.88,0,0,0,,1,1,1
Tiago Tomás,POR,FWMF,Stuttgart,Bundesliga,20,15,2,199,120,60.3,2,15,3,20.0,4,3,1
Sandro Tonali,ITA,MF,Milan,Serie A,22,19,2,729,519,71.19,4,59,4,6.78,20,9,0
Pablo Torre,ESP,FW,Barcelona,La Liga,19,1,0,3,2,66.67,0,1,0,0.0,0,0,1
David Torres,ESP,DF,Valladolid,La Liga,19,2,0,80,60,75.0,0,1,0,0.0,1,2,1
Ferrán Torres,ESP,FW,Barcelona,La Liga,22,17,2,252,198,78.57,0,14,1,7.14,2,1,1
Nabil Touaizi,MAR,MF,Espanyol,La Liga,22,1,0,0,0,,0,0,0,,0,0,1
Souleymane Touré,FRA,DF,Marseille,Ligue 1,19,5,0,36,30,83.33,0,0,0,,1,1,1
Souleymane Touré,FRA,DF,Auxerre,Ligue 1,19,5,0,205,183,89.27,0,0,0,,0,6,1
Boubacar Traoré,MLI,MF,Wolves,Premier League,21,8,0,124,96,77.42,1,1,0,0.0,4,7,1
Mark Travers,IRL,GK,Bournemouth,Premier League,23,11,0,324,244,75.31,0,0,0,,0,3,1
Adrien Truffert,FRA,DF,Rennes,Ligue 1,21,22,0,1117,893,79.95,6,24,7,29.17,25,29,0
Frank Tsadjout,ITA,FWMF,Cremonese,Serie A,23,7,0,57,37,64.91,1,1,0,0.0,3,11,1
Theocharis Tsingaras,GRE,MF,Toulouse,Ligue 1,22,1,0,4,3,75.0,0,0,0,,0,0,1
Beñat Turrientes,ESP,MFFW,Real Sociedad,La Liga,21,6,0,46,39,84.78,0,4,0,0.0,3,0,1
Tuta,BRA,DF,Eint Frankfurt,Bundesliga,23,18,1,1027,820,79.84,0,3,0,0.0,14,24,0
Iyenoma Udogie,ITA,DF,Udinese,Serie A,20,17,2,618,507,82.04,2,15,2,13.33,26,8,0
Chimuanya Ugochukwu,FRA,MF,Rennes,Ligue 1,18,14,0,439,377,85.88,0,2,0,0.0,12,11,0
Lauren Ulrich,GER,MF,Stuttgart,Bundesliga,18,1,0,3,3,100.0,0,1,0,0.0,1,0,1
Oscar Ureña,ESP,MF,Girona,La Liga,20,3,0,22,15,68.18,0,4,0,0.0,2,0,1
Josha Vagnoman,GER,DFMF,Stuttgart,Bundesliga,22,11,0,209,152,72.73,0,11,1,9.09,4,11,1
Diego Valencia,CHI,MFFW,Salernitana,Serie A,23,10,0,59,43,72.88,0,3,1,33.33,4,2,1
Valery,ESP,MFDF,Girona,La Liga,23,15,0,210,183,87.14,2,13,2,15.38,3,3,1
Yan Valery,TUN,DF,Southampton,Premier League,23,1,0,23,15,65.22,0,1,0,0.0,0,1,1
Yan Valery,TUN,DF,Angers,Ligue 1,23,14,0,523,366,69.98,0,32,6,18.75,16,20,0
Enrique Valiente,ESP,DF,Sevilla,La Liga,20,6,1,211,177,83.89,1,0,0,,1,9,1
Vanderson,BRA,DF,Monaco,Ligue 1,21,20,0,884,698,78.96,3,55,9,16.36,27,16,0
Jesus Vazquez,ESP,DFMF,Valencia,La Liga,20,6,0,99,79,79.8,0,6,0,0.0,4,0,1
Gabriel Veiga,ESP,MF,Celta Vigo,La Liga,20,19,6,396,298,75.25,2,17,2,11.76,8,9,1
Renato Veiga,POR,DF,Augsburg,Bundesliga,19,1,0,25,16,64.0,0,1,0,0.0,1,1,1
Mickey van de Ven,NED,DF,Wolfsburg,Bundesliga,21,20,1,1062,928,87.38,1,9,0,0.0,20,23,0
Unai Vencedor Paris,ESP,MF,Athletic Club,La Liga,22,6,0,89,79,88.76,0,2,0,0.0,1,1,1
Clément Vidal,FRA,DFMF,Ajaccio,Ligue 1,22,13,0,380,295,77.63,0,2,1,50.0,7,27,1
Gabriel Vidovic,CRO,FW,Bayern Munich,Bundesliga,19,1,0,14,11,78.57,1,0,0,,0,0,1
Fabio Vieira,POR,MFFW,Arsenal,Premier League,22,12,1,144,115,79.86,1,9,1,11.11,2,1,1
Emanuel Vignato,ITA,MFFW,Bologna,Serie A,22,8,0,99,79,79.8,1,2,1,50.0,4,2,1
Emanuel Vignato,ITA,MF,Empoli,Serie A,22,1,1,5,4,80.0,0,0,0,,0,0,1
Samuele Vignato,ITA,FWMF,Monza,Serie A,18,3,0,13,11,84.62,0,1,1,100.0,0,0,1
Rúben Vinagre,POR,DFMF,Everton,Premier League,23,2,0,23,14,60.87,0,2,0,0.0,2,0,1
Alan Virginius,FRA,FW,Lille,Ligue 1,20,10,1,50,38,76.0,0,2,0,0.0,0,1,1
Mattia Viti,ITA,DF,Nice,Ligue 1,21,8,1,361,303,83.93,0,0,0,,2,13,1
Vitinha,POR,FW,Marseille,Ligue 1,22,2,0,20,17,85.0,0,0,0,,2,0,1
Vitinha,POR,MF,Paris S-G,Ligue 1,22,21,0,1171,1080,92.23,0,3,0,0.0,15,3,0
Daniel Vivian,ESP,DF,Athletic Club,La Liga,23,15,1,708,575,81.21,0,4,0,0.0,17,23,0
Duan Vlahovi?,SRB,FW,Juventus,Serie A,23,12,8,197,140,71.07,2,4,1,25.0,4,19,1
Joel Voelkerling Persson,SWE,FW,Lecce,Serie A,20,4,0,19,14,73.68,0,1,0,0.0,1,5,1
Cristian Volpato,ITA,MF,Roma,Serie A,19,5,1,88,68,77.27,1,9,2,22.22,2,1,1
Aster Vranckx,BEL,MF,Milan,Serie A,20,7,0,38,22,57.89,0,3,1,33.33,2,3,1
Aster Vranckx,BEL,MF,Wolfsburg,Bundesliga,20,1,0,3,2,66.67,0,0,0,,0,0,1
Robert Wagner,GER,MF,Freiburg,Bundesliga,19,2,0,8,5,62.5,0,0,0,,0,2,1
Sebastian Walukiewicz,POL,DF,Empoli,Serie A,22,4,0,76,66,86.84,0,0,0,,1,0,1
Paul Wanner,GER,MF,Bayern Munich,Bundesliga,17,2,0,8,6,75.0,0,0,0,,1,1,1
Timothy Weah,USA,DFFW,Lille,Ligue 1,22,13,0,338,271,80.18,2,18,6,33.33,5,5,1
Nelson Weiper,GER,MF,Mainz 05,Bundesliga,17,2,0,1,1,100.0,0,0,0,,0,0,1
Noah Weißhaupt,GER,MFFW,Freiburg,Bundesliga,21,9,0,31,16,51.61,0,6,0,0.0,1,3,1
Marcel Wenig,GER,MF,Eint Frankfurt,Bundesliga,18,1,0,0,0,,0,0,0,,0,0,1
Harvey White,ENG,MF,Tottenham,Premier League,21,1,0,4,2,50.0,0,2,1,50.0,0,1,1
Neco Williams,WAL,DF,Nott'ham Forest,Premier League,21,21,0,609,389,63.88,0,66,8,12.12,33,11,0
Nico Williams,ESP,FWMF,Athletic Club,La Liga,20,21,4,589,397,67.4,4,101,8,7.92,9,9,0
Joe Willock,ENG,MF,Newcastle Utd,Premier League,23,22,2,617,497,80.55,2,33,5,15.15,21,11,0
Patrick Wimmer,AUT,FWMF,Wolfsburg,Bundesliga,21,13,2,293,175,59.73,5,29,4,13.79,13,13,1
Frederik Winther,DEN,DF,Augsburg,Bundesliga,22,1,0,35,22,62.86,1,0,0,,2,6,1
Florian Wirtz,GER,FWMF,Leverkusen,Bundesliga,19,5,0,143,113,79.02,2,6,2,33.33,6,2,1
Hannes Wolf,AUT,FWMF,M'Gladbach,Bundesliga,23,8,1,45,33,73.33,1,0,0,,2,1,1
Jeong Woo-yeong,KOR,MFFW,Freiburg,Bundesliga,23,17,1,206,161,78.16,1,9,3,33.33,2,3,1
Christopher Wooh,CMR,DF,Rennes,Ligue 1,21,9,0,393,353,89.82,0,1,0,0.0,4,13,1
Christopher Wooh,CMR,MF,Lens,Ligue 1,21,1,0,0,0,,0,0,0,,0,0,1
Kelvin Yeboah,ITA,FWMF,Augsburg,Bundesliga,22,5,0,31,15,48.39,1,5,1,20.0,1,4,1
Gerard Yepes,ESP,MF,Sampdoria,Serie A,20,5,0,105,77,73.33,0,0,0,,3,5,1
Darlin Yongwa,CMR,FWDF,Lorient,Ligue 1,22,4,0,19,10,52.63,0,2,1,50.0,2,0,1
Leny Yoro,FRA,DFMF,Lille,Ligue 1,17,6,0,335,303,90.45,0,0,0,,4,9,1
Dan-Axel Zagadou,FRA,DF,Stuttgart,Bundesliga,23,7,0,375,310,82.67,0,0,0,,3,14,1
Warren Zaire-Emery,FRA,MF,Paris S-G,Ligue 1,16,11,2,166,147,88.55,0,0,0,,2,1,1
Rodrigo Zalazar,URU,MFFW,Schalke 04,Bundesliga,23,10,1,136,78,57.35,0,27,2,7.41,4,11,1
Nicola Zalewski,POL,DF,Roma,Serie A,21,18,0,631,477,75.59,1,36,4,11.11,11,3,0
Oliver Zandén,SWE,DFMF,Toulouse,Ligue 1,21,5,0,72,48,66.67,0,6,1,16.67,1,1,1
Nicolò Zaniolo,ITA,MFFW,Roma,Serie A,23,13,1,196,125,63.78,0,20,1,5.0,5,5,1
Alessandro Zanoli,ITA,DFMF,Sampdoria,Serie A,22,5,0,76,54,71.05,0,7,2,28.57,1,1,1
Alessandro Zanoli,ITA,DF,Napoli,Serie A,22,1,0,15,12,80.0,0,1,0,0.0,0,0,1
Aaron Zehnter,GER,DF,Augsburg,Bundesliga,18,1,0,0,0,,0,0,0,,0,0,1
Jordan Zemura,ZIM,DF,Bournemouth,Premier League,23,16,0,507,360,71.01,1,14,4,28.57,20,6,0
Alessio Zerbin,ITA,FW,Napoli,Serie A,23,4,0,17,10,58.82,0,0,0,,1,0,1
Nathan Zeze,FRA,DF,Nantes,Ligue 1,17,1,0,25,17,68.0,0,0,0,,2,1,1
Edon Zhegrova,KVX,FWDF,Lille,Ligue 1,23,12,1,298,232,77.85,2,33,5,15.15,9,0,1
David Zima,CZE,DF,Torino,Serie A,22,9,0,198,154,77.78,0,0,0,,5,15,1
Joshua Zirkzee,NED,FW,Bologna,Serie A,21,9,1,137,104,75.91,1,0,0,,1,8,1
Nadir Zortea,ITA,DFMF,Atalanta,Serie A,23,9,1,97,59,60.82,0,10,1,10.0,5,5,1
Nadir Zortea,ITA,DF,Sassuolo,Serie A,23,1,0,67,59,88.06,0,4,1,25.0,2,1,1
Petar Zovko,BIH,GK,Spezia,Serie A,20,1,0,37,23,62.16,0,0,0,,0,0,1
